Player,Age,Team,Pos,G,GS,MP,FG,FGA,FG%,3P,3PA,3P%,2P,2PA,2P%,eFG%,FT,FTA,FT%,ORB,DRB,TRB,AST,STL,BLK,TOV,PF,PTS,Trp-Dbl,Awards,Player-additional,Year
Allen Iverson,29,PHI,PG,75,75,3174,771,1818,0.424,104,338,0.308,667,1480,0.451,0.453,656,786,0.835,51,248,299,596,180,9,344,140,2302,0,MVP-5DPOY-11ASNBA1,iversal01,2004-2005
LeBron James,20,CLE,SF,80,80,3388,795,1684,0.472,108,308,0.351,687,1376,0.499,0.504,477,636,0.750,111,477,588,577,177,52,262,146,2175,4,MVP-6ASNBA2,jamesle01,2004-2005
Amar'e Stoudemire,22,PHO,C,80,80,2889,747,1336,0.559,3,16,0.188,744,1320,0.564,0.560,583,795,0.733,219,494,713,131,77,130,189,278,2080,0,MVP-9ASNBA2,stoudam01,2004-2005
Gilbert Arenas,23,WAS,PG,80,80,3274,656,1523,0.431,205,562,0.365,451,961,0.469,0.498,521,640,0.814,83,295,378,411,139,23,242,245,2038,0,MVP-12ASNBA3,arenagi01,2004-2005
Dirk Nowitzki,26,DAL,PF,78,78,3020,663,1445,0.459,91,228,0.399,572,1217,0.470,0.490,615,708,0.869,96,661,757,240,97,119,176,219,2032,0,MVP-3ASNBA1,nowitdi01,2004-2005
Tracy McGrady,25,HOU,SF,78,78,3182,715,1660,0.431,142,435,0.326,573,1225,0.468,0.473,431,557,0.774,71,413,484,448,135,52,201,167,2003,0,MVP-7ASNBA3,mcgratr01,2004-2005
Vince Carter,28,2TM,SF,77,76,2828,696,1541,0.452,127,313,0.406,569,1228,0.463,0.493,367,460,0.798,106,295,401,327,109,48,168,243,1886,0,MVP-13AS,cartevi01,2004-2005
Vince Carter,28,TOR,SG,20,20,608,124,302,0.411,19,59,0.322,105,243,0.432,0.442,50,72,0.694,28,38,66,61,25,15,22,56,317,0,,cartevi01,2004-2005
Vince Carter,28,NJN,SF,57,56,2220,572,1239,0.462,108,254,0.425,464,985,0.471,0.505,317,388,0.817,78,257,335,266,84,33,146,187,1569,0,,cartevi01,2004-2005
Ray Allen,29,SEA,SG,78,78,3064,640,1494,0.428,209,556,0.376,431,938,0.459,0.498,378,428,0.883,79,268,347,289,84,5,171,167,1867,0,MVP-9ASNBA2,allenra02,2004-2005
Dwyane Wade,23,MIA,SG,77,77,2974,630,1318,0.478,13,45,0.289,617,1273,0.485,0.483,581,762,0.762,110,287,397,520,121,82,321,230,1854,1,MVP-8DPOY-21ASNBA2,wadedw01,2004-2005
Kobe Bryant,26,LAL,SG,66,66,2689,573,1324,0.433,131,387,0.339,442,937,0.472,0.482,542,664,0.816,95,297,392,398,86,53,270,174,1819,5,ASNBA3,bryanko01,2004-2005
Kevin Garnett,28,MIN,PF,82,82,3121,683,1360,0.502,6,25,0.240,677,1335,0.507,0.504,445,549,0.811,247,861,1108,466,121,112,222,207,1817,1,MVP-11DPOY-9ASNBA2,garneke01,2004-2005
Stephon Marbury,27,NYK,PG,82,82,3281,604,1308,0.462,115,325,0.354,489,983,0.497,0.506,458,549,0.834,50,198,248,668,122,6,233,186,1781,0,,marbust01,2004-2005
Paul Pierce,27,BOS,SF,82,82,2960,556,1223,0.455,108,292,0.370,448,931,0.481,0.499,549,668,0.822,78,461,539,348,133,39,230,255,1769,2,AS,piercpa01,2004-2005
Michael Redd,25,MIL,SG,75,75,2848,625,1418,0.441,104,293,0.355,521,1125,0.463,0.477,369,432,0.854,72,240,312,172,63,8,133,152,1723,0,,reddmi01,2004-2005
Shaquille O'Neal,32,MIA,C,73,73,2492,658,1095,0.601,0,0,,658,1095,0.601,0.601,353,765,0.461,253,507,760,200,36,171,203,262,1669,0,MVP-2DPOY-8ASNBA1,onealsh01,2004-2005
Steve Francis,27,ORL,PG,78,78,2978,563,1330,0.423,38,127,0.299,525,1203,0.436,0.438,499,606,0.823,126,324,450,547,112,28,317,273,1663,0,,francst01,2004-2005
Elton Brand,25,LAC,PF,81,81,3001,629,1251,0.503,0,3,0.000,629,1248,0.504,0.503,364,484,0.752,296,474,770,208,62,169,183,240,1622,0,,brandel01,2004-2005
Mike Bibby,26,SAC,PG,80,80,3084,560,1264,0.443,131,364,0.360,429,900,0.477,0.495,320,413,0.775,77,255,332,541,124,30,203,191,1571,1,,bibbymi01,2004-2005
Shawn Marion,26,PHO,PF,81,81,3146,613,1289,0.476,114,341,0.334,499,948,0.526,0.520,229,275,0.833,235,680,915,154,163,119,125,199,1569,0,MVP-14DPOY-5ASNBA3,mariosh01,2004-2005
Jason Richardson,24,GSW,SG,72,72,2724,610,1368,0.446,125,370,0.338,485,998,0.486,0.492,214,309,0.693,125,299,424,281,105,32,169,156,1559,0,,richaja01,2004-2005
Carmelo Anthony,20,DEN,SF,75,75,2608,530,1230,0.431,42,158,0.266,488,1072,0.455,0.448,456,573,0.796,141,285,426,194,68,30,224,229,1558,0,,anthoca01,2004-2005
Jalen Rose,32,TOR,SF,81,65,2710,527,1159,0.455,108,274,0.394,419,885,0.473,0.501,333,390,0.854,44,232,276,209,63,10,180,190,1495,0,,roseja01,2004-2005
Antoine Walker,28,2TM,PF,77,77,2955,581,1377,0.422,110,341,0.323,471,1036,0.455,0.462,201,373,0.539,182,513,695,265,89,58,253,217,1473,0,,walkean02,2004-2005
Antoine Walker,28,ATL,PF,53,53,2128,420,1013,0.415,85,268,0.317,335,745,0.450,0.457,157,294,0.534,126,371,497,194,64,32,183,147,1082,0,,walkean02,2004-2005
Antoine Walker,28,BOS,PF,24,24,827,161,364,0.442,25,73,0.342,136,291,0.467,0.477,44,79,0.557,56,142,198,71,25,26,70,70,391,0,,walkean02,2004-2005
Yao Ming,24,HOU,C,80,80,2447,538,975,0.552,0,0,,538,975,0.552,0.552,389,497,0.783,208,461,669,61,34,160,196,298,1465,0,AS,mingya01,2004-2005
Corey Maggette,25,LAC,SG,66,60,2436,425,986,0.431,51,168,0.304,374,818,0.457,0.457,563,657,0.857,70,324,394,225,70,8,195,191,1464,0,,maggeco01,2004-2005
Rashard Lewis,25,SEA,SF,71,71,2697,532,1151,0.462,173,432,0.400,359,719,0.499,0.537,220,283,0.777,110,278,388,94,75,62,123,158,1457,0,AS,lewisra02,2004-2005
Richard Hamilton,26,DET,SG,76,76,2926,510,1160,0.440,36,118,0.305,474,1042,0.455,0.455,368,429,0.858,74,221,295,372,77,13,217,232,1424,0,,hamilri01,2004-2005
Joe Johnson,23,PHO,SF,82,82,3240,544,1179,0.461,177,370,0.478,367,809,0.454,0.536,135,180,0.750,120,302,422,291,79,24,148,167,1400,0,,johnsjo02,2004-2005
Desmond Mason,27,MIL,SF,80,71,2893,478,1079,0.443,1,8,0.125,477,1071,0.445,0.443,420,524,0.802,85,227,312,217,58,27,164,198,1377,0,,masonde01,2004-2005
Chris Bosh,20,TOR,PF,81,81,3017,473,1005,0.471,3,10,0.300,470,995,0.472,0.472,412,542,0.760,194,524,718,153,76,113,187,226,1361,0,,boshch01,2004-2005
Larry Hughes,26,WAS,SG,61,61,2358,467,1086,0.430,59,209,0.282,408,877,0.465,0.457,352,453,0.777,74,308,382,285,176,18,153,168,1345,1,DPOY-6,hughela01,2004-2005
Tim Duncan,28,SAS,PF,66,66,2203,517,1042,0.496,3,9,0.333,514,1033,0.498,0.498,305,455,0.670,202,530,732,179,45,174,127,144,1342,0,MVP-4DPOY-4ASNBA1,duncati01,2004-2005
Antawn Jamison,28,WAS,PF,68,68,2605,519,1189,0.437,71,208,0.341,448,981,0.457,0.466,225,296,0.760,160,359,519,154,55,16,118,151,1334,0,AS,jamisan01,2004-2005
Tony Parker,22,SAS,PG,80,80,2735,539,1118,0.482,43,156,0.276,496,962,0.516,0.501,210,323,0.650,47,251,298,491,98,4,215,167,1331,0,,parketo01,2004-2005
Peja Stojaković,27,SAC,SF,66,66,2534,451,1016,0.444,174,433,0.402,277,583,0.475,0.530,253,275,0.920,62,223,285,138,79,12,102,157,1329,0,,stojape01,2004-2005
Zydrunas Ilgauskas,29,CLE,C,78,78,2615,458,979,0.468,2,7,0.286,456,972,0.469,0.469,402,503,0.799,299,373,672,100,53,165,191,313,1320,0,AS,ilgauzy01,2004-2005
Grant Hill,32,ORL,SF,67,67,2338,517,1015,0.509,3,13,0.231,514,1002,0.513,0.511,280,341,0.821,77,241,318,220,97,28,161,144,1317,0,AS,hillgr01,2004-2005
Chauncey Billups,28,DET,PG,80,80,2866,404,913,0.442,165,387,0.426,239,526,0.454,0.533,343,382,0.898,48,223,271,464,81,9,180,194,1316,0,,billuch01,2004-2005
Ricky Davis,25,BOS,SG,82,11,2696,481,1041,0.462,61,180,0.339,420,861,0.488,0.491,286,351,0.815,66,183,249,246,89,27,205,174,1309,0,6MOY-2,davisri01,2004-2005
Chris Webber,31,2TM,PF,67,67,2370,555,1283,0.433,15,44,0.341,540,1239,0.436,0.438,181,228,0.794,130,482,612,318,94,53,182,214,1306,4,,webbech01,2004-2005
Chris Webber,31,SAC,PF,46,46,1668,412,917,0.449,11,29,0.379,401,888,0.452,0.455,143,179,0.799,94,353,447,252,68,34,133,144,978,4,,webbech01,2004-2005
Chris Webber,31,PHI,PF,21,21,702,143,366,0.391,4,15,0.267,139,351,0.396,0.396,38,49,0.776,36,129,165,66,26,19,49,70,328,0,,webbech01,2004-2005
Damon Stoudamire,31,POR,PG,81,70,2762,457,1165,0.392,181,490,0.369,276,675,0.409,0.470,182,199,0.915,56,254,310,458,86,2,164,158,1277,2,,stoudda01,2004-2005
Wally Szczerbiak,27,MIN,SF,81,37,2558,465,919,0.506,63,169,0.373,402,750,0.536,0.540,260,304,0.855,82,221,303,191,40,16,132,178,1253,0,6MOY-6,szczewa02,2004-2005
Jamal Crawford,24,NYK,SG,70,67,2688,437,1097,0.398,185,512,0.361,252,585,0.431,0.483,182,216,0.843,33,170,203,302,92,19,148,135,1241,0,,crawfja01,2004-2005
Ben Gordon,21,CHI,SG,82,3,2002,434,1056,0.411,134,331,0.405,300,725,0.414,0.474,233,270,0.863,55,160,215,164,53,10,186,224,1235,0,ROY-26MOY-1,gordobe01,2004-2005
Bobby Simmons,24,LAC,SF,75,74,2799,474,1017,0.466,50,115,0.435,424,902,0.470,0.491,231,273,0.846,128,318,446,205,106,16,135,227,1229,0,MIP-1,simmobo01,2004-2005
Kirk Hinrich,24,CHI,PG,77,77,2800,445,1122,0.397,145,408,0.355,300,714,0.420,0.461,171,216,0.792,32,272,304,494,122,21,176,244,1206,0,DPOY-12,hinriki01,2004-2005
Tayshaun Prince,24,DET,SF,82,82,3039,469,963,0.487,47,138,0.341,422,825,0.512,0.511,221,274,0.807,133,302,435,247,56,71,135,161,1206,0,DPOY-7,princta01,2004-2005
Caron Butler,24,LAL,SF,77,77,2746,441,991,0.445,38,125,0.304,403,866,0.465,0.464,275,319,0.862,146,304,450,146,110,23,125,213,1195,0,,butleca01,2004-2005
Manu Ginóbili,27,SAS,SG,74,74,2193,367,780,0.471,97,258,0.376,270,522,0.517,0.533,355,442,0.803,75,254,329,288,119,27,172,190,1186,0,DPOY-18AS,ginobma01,2004-2005
Drew Gooden,23,CLE,PF,82,80,2523,464,943,0.492,5,28,0.179,459,915,0.502,0.495,251,310,0.810,207,546,753,130,77,76,133,233,1184,0,,goodedr01,2004-2005
Quentin Richardson,24,PHO,SG,79,78,2839,407,1045,0.389,226,631,0.358,181,414,0.437,0.498,136,184,0.739,91,388,479,158,96,27,102,197,1176,0,,richaqu01,2004-2005
Steve Nash,30,PHO,PG,75,75,2573,430,857,0.502,94,218,0.431,336,639,0.526,0.557,211,238,0.887,57,192,249,861,74,6,245,136,1165,1,MVP-1ASNBA1,nashst01,2004-2005
Al Harrington,24,ATL,SF,66,66,2550,453,986,0.459,16,74,0.216,437,912,0.479,0.468,236,351,0.672,145,316,461,208,85,16,204,249,1158,0,,harrial01,2004-2005
Rasheed Wallace,30,DET,PF,79,79,2687,467,1062,0.440,75,236,0.318,392,826,0.475,0.475,136,195,0.697,174,470,644,142,65,115,127,236,1145,0,DPOY-16,wallara01,2004-2005
Rafer Alston,28,TOR,PG,80,78,2717,403,974,0.414,139,389,0.357,264,585,0.451,0.485,191,258,0.740,42,237,279,514,118,7,170,212,1136,0,,alstora01,2004-2005
Cuttino Mobley,29,2TM,SG,66,64,2388,408,932,0.438,150,342,0.439,258,590,0.437,0.518,168,205,0.820,45,184,229,188,74,30,133,152,1134,0,,moblecu01,2004-2005
Cuttino Mobley,29,ORL,SG,23,21,726,128,296,0.432,58,125,0.464,70,171,0.409,0.530,55,69,0.797,11,52,63,42,23,9,41,49,369,0,,moblecu01,2004-2005
Cuttino Mobley,29,SAC,SG,43,43,1662,280,636,0.440,92,217,0.424,188,419,0.449,0.513,113,136,0.831,34,132,166,146,51,21,92,103,765,0,,moblecu01,2004-2005
Chucky Atkins,30,LAL,PG,82,82,2903,388,910,0.426,176,455,0.387,212,455,0.466,0.523,163,203,0.803,31,166,197,358,73,2,151,181,1115,0,,atkinch01,2004-2005
Andre Miller,28,DEN,PG,82,82,2852,427,895,0.477,6,39,0.154,421,856,0.492,0.480,253,302,0.838,100,238,338,569,121,8,220,204,1113,0,,millean02,2004-2005
Emeka Okafor,22,CHA,PF,73,73,2600,448,1003,0.447,0,1,0.000,448,1002,0.447,0.447,209,343,0.609,275,520,795,64,62,125,125,214,1105,0,ROY-1DPOY-21,okafoem01,2004-2005
Matt Harpring,28,UTA,SF,78,55,2584,418,855,0.489,9,43,0.209,409,812,0.504,0.494,245,315,0.778,196,284,480,142,70,16,133,250,1090,0,,harprma01,2004-2005
Kenyon Martin,27,DEN,PF,70,67,2272,444,907,0.490,0,12,0.000,444,895,0.496,0.490,199,308,0.646,146,365,511,170,100,78,149,228,1087,0,,martike01,2004-2005
Troy Murphy,24,GSW,PF,70,69,2375,392,947,0.414,59,148,0.399,333,799,0.417,0.445,233,319,0.730,251,505,756,97,53,33,108,190,1076,0,,murphtr01,2004-2005
Jermaine O'Neal,26,IND,PF,44,41,1530,386,854,0.452,1,6,0.167,385,848,0.454,0.453,295,391,0.754,85,303,388,82,25,88,131,173,1068,0,AS,onealje01,2004-2005
Mike Dunleavy,24,GSW,SF,79,79,2570,408,905,0.451,107,276,0.388,301,629,0.479,0.510,134,172,0.779,97,338,435,203,79,26,132,198,1057,0,,dunlemi02,2004-2005
Mehmet Okur,25,UTA,C,82,25,2304,354,756,0.468,17,63,0.270,337,693,0.486,0.479,329,387,0.850,194,422,616,166,32,68,141,227,1054,0,6MOY-11,okurme01,2004-2005
Morris Peterson,27,TOR,SG,82,61,2510,356,848,0.420,129,335,0.385,227,513,0.442,0.496,188,226,0.832,71,269,340,169,91,18,93,219,1029,0,,petermo01,2004-2005
Mike Miller,24,MEM,SF,76,51,2278,387,766,0.505,140,323,0.433,247,443,0.558,0.597,108,150,0.720,36,264,300,220,54,23,127,197,1022,0,,millemi01,2004-2005
Latrell Sprewell,34,MIN,SF,80,79,2450,398,961,0.414,69,211,0.327,329,750,0.439,0.450,156,188,0.830,65,189,254,179,53,21,127,124,1021,0,,sprewla01,2004-2005
Eddie Jones,33,MIA,SF,80,80,2839,351,820,0.428,142,382,0.372,209,438,0.477,0.515,174,216,0.806,38,367,405,212,86,38,99,251,1018,0,,jonesed02,2004-2005
Earl Boykins,28,DEN,PG,82,5,2162,340,824,0.413,56,166,0.337,284,658,0.432,0.447,279,303,0.921,37,106,143,372,78,12,121,122,1015,0,6MOY-3,boykiea01,2004-2005
Eddy Curry,22,CHI,C,63,60,1808,393,730,0.538,0,0,,393,730,0.538,0.538,226,314,0.720,116,222,338,37,21,58,163,202,1012,0,,curryed01,2004-2005
Michael Finley,31,DAL,SG,64,64,2358,387,907,0.427,116,285,0.407,271,622,0.436,0.491,113,136,0.831,45,217,262,169,48,18,60,123,1003,0,,finlemi01,2004-2005
Pau Gasol,24,MEM,PF,56,53,1790,357,695,0.514,1,6,0.167,356,689,0.517,0.514,282,367,0.768,130,280,410,135,37,93,137,146,997,0,,gasolpa01,2004-2005
Jason Terry,27,DAL,PG,80,57,2401,372,743,0.501,103,245,0.420,269,498,0.540,0.570,146,173,0.844,38,150,188,429,109,15,147,177,993,0,,terryja01,2004-2005
Dwight Howard,19,ORL,PF,82,82,2670,352,677,0.520,0,2,0.000,352,675,0.521,0.520,277,413,0.671,287,536,823,75,77,136,165,232,981,0,ROY-3DPOY-21,howardw01,2004-2005
Jeff McInnis,30,CLE,PG,76,69,2651,377,915,0.412,91,264,0.345,286,651,0.439,0.462,130,160,0.813,32,125,157,391,56,1,117,177,975,0,,mcinnje01,2004-2005
Lamar Odom,25,LAL,PF,64,64,2320,366,774,0.473,36,117,0.308,330,657,0.502,0.496,207,298,0.695,134,519,653,238,42,65,161,211,975,0,,odomla01,2004-2005
Reggie Miller,39,IND,SG,66,66,2105,314,719,0.437,96,298,0.322,218,421,0.518,0.503,250,268,0.933,18,138,156,146,50,5,77,109,974,0,,millere01,2004-2005
Marc Jackson,30,PHI,C,81,23,1976,340,731,0.465,0,2,0.000,340,729,0.466,0.465,289,349,0.828,184,222,406,81,32,18,131,171,969,0,,jacksma02,2004-2005
Lee Nailon,29,NOH,SF,68,51,2017,415,869,0.478,0,2,0.000,415,867,0.479,0.478,133,165,0.806,128,170,298,109,36,16,110,190,963,0,,nailole01,2004-2005
Josh Howard,24,DAL,SF,76,76,2446,377,793,0.475,34,115,0.296,343,678,0.506,0.497,170,232,0.733,169,315,484,109,116,49,122,211,958,0,DPOY-18,howarjo01,2004-2005
Damon Jones,28,MIA,PG,82,66,2576,331,726,0.456,225,521,0.432,106,205,0.517,0.611,68,86,0.791,14,217,231,350,44,5,98,121,955,0,,jonesda01,2004-2005
Stephen Jackson,26,IND,SF,51,49,1806,330,819,0.403,103,286,0.360,227,533,0.426,0.466,190,229,0.830,44,206,250,119,64,14,123,154,953,0,,jacksst02,2004-2005
Jason Kidd,31,NJN,PG,66,65,2435,340,855,0.398,129,358,0.360,211,497,0.425,0.473,142,192,0.740,94,394,488,545,123,9,167,110,951,8,,kiddja01,2004-2005
David Wesley,34,2TM,SG,80,79,2774,334,840,0.398,118,315,0.375,216,525,0.411,0.468,162,189,0.857,38,190,228,265,96,9,113,215,948,0,DPOY-16,wesleda01,2004-2005
David Wesley,34,NOH,SG,26,26,934,133,342,0.389,28,80,0.350,105,262,0.401,0.430,67,76,0.882,12,73,85,109,35,1,54,65,361,0,,wesleda01,2004-2005
David Wesley,34,HOU,SG,54,53,1840,201,498,0.404,90,235,0.383,111,263,0.422,0.494,95,113,0.841,26,117,143,156,61,8,59,150,587,0,,wesleda01,2004-2005
Kyle Korver,23,PHI,SF,82,57,2667,317,759,0.418,226,558,0.405,91,201,0.453,0.567,82,96,0.854,40,339,379,182,103,33,106,265,942,0,6MOY-11,korveky01,2004-2005
Primož Brezec,25,CHA,C,72,72,2276,387,756,0.512,0,0,,387,756,0.512,0.512,164,220,0.745,226,305,531,86,33,55,106,183,938,0,,brezepr01,2004-2005
Hedo Türkoğlu,25,ORL,SF,67,11,1757,328,782,0.419,93,245,0.380,235,537,0.438,0.479,188,225,0.836,62,171,233,153,41,18,119,140,937,0,6MOY-14,turkohe01,2004-2005
Kurt Thomas,32,NYK,PF,80,80,2855,424,901,0.471,2,4,0.500,422,897,0.470,0.472,66,84,0.786,170,661,831,160,70,79,99,310,916,0,,thomaku01,2004-2005
Shareef Abdur-Rahim,28,POR,PF,54,49,1867,337,670,0.503,15,39,0.385,322,631,0.510,0.514,220,254,0.866,123,269,392,111,49,26,117,150,909,0,,abdursh01,2004-2005
Carlos Boozer,23,UTA,PF,51,51,1772,361,693,0.521,0,1,0.000,361,692,0.522,0.521,187,268,0.698,141,316,457,144,41,24,137,179,909,0,,boozeca01,2004-2005
Kenny Thomas,27,2TM,PF,73,58,2167,367,781,0.470,1,5,0.200,366,776,0.472,0.471,173,227,0.762,184,351,535,152,67,17,131,227,908,0,,thomake01,2004-2005
Kenny Thomas,27,PHI,PF,47,43,1344,217,476,0.456,1,4,0.250,216,472,0.458,0.457,95,119,0.798,106,202,308,77,40,6,83,151,530,0,,thomake01,2004-2005
Kenny Thomas,27,SAC,PF,26,15,823,150,305,0.492,0,1,0.000,150,304,0.493,0.492,78,108,0.722,78,149,227,75,27,11,48,76,378,0,,thomake01,2004-2005
Dan Dickau,26,2TM,PG,71,46,2090,306,756,0.405,85,245,0.347,221,511,0.432,0.461,190,228,0.833,34,146,180,347,76,4,145,201,887,0,,dickada01,2004-2005
Dan Dickau,26,DAL,PG,4,0,16,1,8,0.125,1,3,0.333,0,5,0.000,0.188,2,3,0.667,0,1,1,1,0,0,1,1,5,0,,dickada01,2004-2005
Dan Dickau,26,NOH,PG,67,46,2074,305,748,0.408,84,242,0.347,221,506,0.437,0.464,188,225,0.836,34,145,179,346,76,4,144,200,882,0,,dickada01,2004-2005
P.J. Brown,35,NOH,PF,82,78,2817,338,758,0.446,0,0,,338,758,0.446,0.446,210,243,0.864,266,471,737,178,74,50,101,233,886,0,-MVP 14.00,brownpj01,2004-2005
Baron Davis,25,2TM,PG,46,32,1581,291,752,0.387,118,354,0.333,173,398,0.435,0.465,185,243,0.761,32,143,175,362,81,14,131,126,885,1,,davisba01,2004-2005
Baron Davis,25,NOH,PG,18,13,593,111,303,0.366,44,137,0.321,67,166,0.404,0.439,74,96,0.771,16,51,67,129,31,4,38,52,340,1,,davisba01,2004-2005
Baron Davis,25,GSW,PG,28,19,988,180,449,0.401,74,217,0.341,106,232,0.457,0.483,111,147,0.755,16,92,108,233,50,10,93,74,545,0,,davisba01,2004-2005
Raef LaFrentz,28,BOS,PF,80,80,2196,341,688,0.496,82,225,0.364,259,463,0.559,0.555,120,148,0.811,154,399,553,98,42,99,70,262,884,0,,lafrera01,2004-2005
Derek Fisher,30,GSW,PG,74,32,2222,297,755,0.393,108,291,0.371,189,464,0.407,0.465,175,203,0.862,38,180,218,301,76,4,129,176,877,0,,fishede01,2004-2005
Brad Miller,28,SAC,C,56,56,2089,319,609,0.524,5,19,0.263,314,590,0.532,0.528,233,287,0.812,139,382,521,220,69,68,82,181,876,0,,millebr01,2004-2005
Gary Payton,36,BOS,PG,77,77,2541,339,725,0.468,42,129,0.326,297,596,0.498,0.497,153,201,0.761,48,188,236,469,88,12,148,121,873,0,,paytoga01,2004-2005
Zach Randolph,23,POR,PF,46,37,1603,332,741,0.448,0,6,0.000,332,735,0.452,0.448,207,254,0.815,142,300,442,86,34,17,112,112,871,0,,randoza01,2004-2005
Mike James,29,2TM,PG,74,5,1859,331,751,0.441,100,259,0.386,231,492,0.470,0.507,109,145,0.752,35,173,208,263,65,6,106,174,871,0,,jamesmi01,2004-2005
Mike James,29,MIL,PG,47,0,1167,205,460,0.446,58,152,0.382,147,308,0.477,0.509,67,90,0.744,23,99,122,185,40,4,80,114,535,0,,jamesmi01,2004-2005
Mike James,29,HOU,PG,27,5,692,126,291,0.433,42,107,0.393,84,184,0.457,0.505,42,55,0.764,12,74,86,78,25,2,26,60,336,0,,jamesmi01,2004-2005
Udonis Haslem,24,MIA,PF,80,80,2675,346,641,0.540,0,4,0.000,346,637,0.543,0.540,178,225,0.791,239,487,726,108,63,41,113,260,870,0,,hasleud01,2004-2005
Tim Thomas,27,NYK,SF,71,68,1940,315,718,0.439,85,208,0.409,230,510,0.451,0.498,136,173,0.786,45,192,237,110,41,17,113,222,851,0,,thomati01,2004-2005
Antonio Daniels,29,SEA,PG,75,2,2026,273,623,0.438,49,165,0.297,224,458,0.489,0.478,248,304,0.816,20,149,169,309,51,3,78,78,843,0,6MOY-8,daniean01,2004-2005
Jerry Stackhouse,30,DAL,SG,56,7,1617,274,662,0.414,32,120,0.267,242,542,0.446,0.438,253,298,0.849,38,145,183,127,53,10,106,104,833,0,6MOY-4,stackje01,2004-2005
Luke Ridnour,23,SEA,PG,82,82,2571,299,739,0.405,67,178,0.376,232,561,0.414,0.450,159,180,0.883,55,149,204,483,94,23,149,185,824,0,,ridnolu01,2004-2005
Mo Williams,22,MIL,PG,80,80,2254,323,737,0.438,32,99,0.323,291,638,0.456,0.460,136,160,0.850,50,194,244,484,74,11,196,221,814,0,,willima01,2004-2005
Fred Jones,25,IND,SG,77,14,2268,275,647,0.425,87,229,0.380,188,418,0.450,0.492,176,207,0.850,34,208,242,196,61,31,114,171,813,0,,jonesfr01,2004-2005
Joe Smith,29,MIL,PF,74,73,2265,319,621,0.514,0,1,0.000,319,620,0.515,0.514,175,228,0.768,179,362,541,67,43,38,79,222,813,0,,smithjo02,2004-2005
Darius Miles,23,POR,SF,63,22,1699,336,697,0.482,8,23,0.348,328,674,0.487,0.488,129,215,0.600,71,228,299,129,75,78,157,189,809,0,,milesda01,2004-2005
Ruben Patterson,29,POR,SF,70,36,1957,319,601,0.531,2,25,0.080,317,576,0.550,0.532,169,282,0.599,126,147,273,138,106,21,143,164,809,0,,patteru01,2004-2005
Josh Childress,21,ATL,SG,80,44,2376,302,642,0.470,13,56,0.232,289,586,0.493,0.481,190,231,0.823,195,287,482,151,74,35,106,184,807,0,,childjo01,2004-2005
Sam Cassell,35,MIN,PG,59,38,1522,319,687,0.464,27,103,0.262,292,584,0.500,0.484,134,155,0.865,25,132,157,301,36,14,109,160,799,0,,cassesa01,2004-2005
Shane Battier,26,MEM,SG,80,72,2516,271,613,0.442,70,177,0.395,201,436,0.461,0.499,180,228,0.789,158,255,413,126,91,77,75,201,792,0,DPOY-21,battish01,2004-2005
Tyronn Lue,27,2TM,PG,70,49,2007,295,654,0.451,55,155,0.355,240,499,0.481,0.493,142,165,0.861,14,135,149,322,33,0,105,168,787,0,,luety01,2004-2005
Tyronn Lue,27,HOU,PG,21,3,479,48,122,0.393,15,45,0.333,33,77,0.429,0.455,14,18,0.778,0,40,40,58,8,0,24,48,125,0,,luety01,2004-2005
Tyronn Lue,27,ATL,PG,49,46,1528,247,532,0.464,40,110,0.364,207,422,0.491,0.502,128,147,0.871,14,95,109,264,25,0,81,120,662,0,,luety01,2004-2005
J.R. Smith,19,NOH,SG,76,56,1859,295,748,0.394,81,281,0.288,214,467,0.458,0.449,111,161,0.689,39,113,152,142,55,11,109,135,782,0,ROY-5,smithjr01,2004-2005
Gerald Wallace,22,CHA,SF,70,68,2147,286,637,0.449,17,62,0.274,269,575,0.468,0.462,191,289,0.661,118,268,386,137,117,91,159,182,780,0,,wallage01,2004-2005
Raja Bell,28,UTA,SG,63,32,1790,303,667,0.454,54,134,0.403,249,533,0.467,0.495,112,150,0.747,48,153,201,91,44,8,79,205,772,0,,bellra01,2004-2005
Mark Blount,29,BOS,C,82,57,2130,327,618,0.529,0,1,0.000,327,617,0.530,0.529,117,164,0.713,143,254,397,129,33,64,158,229,771,0,,blounma01,2004-2005
Lorenzen Wright,29,MEM,C,80,77,2287,320,683,0.469,0,3,0.000,320,680,0.471,0.469,131,198,0.662,177,436,613,87,58,69,100,251,771,0,,wrighlo02,2004-2005
Nenad Krstić,21,NJN,PF,75,57,1965,281,570,0.493,0,2,0.000,281,568,0.495,0.493,185,255,0.725,161,240,401,77,32,63,112,280,747,0,,krstine01,2004-2005
Donyell Marshall,31,TOR,PF,65,2,1645,262,592,0.443,151,363,0.416,111,229,0.485,0.570,72,91,0.791,95,333,428,81,57,46,42,136,747,0,6MOY-9,marshdo01,2004-2005
Andre Iguodala,21,PHI,SG,82,82,2686,269,546,0.493,47,142,0.331,222,404,0.550,0.536,156,210,0.743,89,375,464,246,138,48,139,204,741,1,ROY-4DPOY-14,iguodan01,2004-2005
Vladimir Radmanović,24,SEA,PF,63,0,1856,266,650,0.409,128,329,0.389,138,321,0.430,0.508,81,103,0.786,52,237,289,86,57,31,80,172,741,0,6MOY-5,radmavl01,2004-2005
Corliss Williamson,31,2TM,PF,72,9,1527,273,584,0.467,0,2,0.000,273,582,0.469,0.467,195,244,0.799,104,155,259,78,38,15,86,218,741,0,,willico02,2004-2005
Corliss Williamson,31,PHI,PF,48,5,1056,194,417,0.465,0,2,0.000,194,415,0.467,0.465,130,165,0.788,73,105,178,43,26,12,60,144,518,0,,willico02,2004-2005
Corliss Williamson,31,SAC,PF,24,4,471,79,167,0.473,0,0,,79,167,0.473,0.473,65,79,0.823,31,50,81,35,12,3,26,74,223,0,,willico02,2004-2005
Antonio McDyess,30,DET,PF,77,8,1797,307,598,0.513,0,1,0.000,307,597,0.514,0.513,126,192,0.656,177,305,482,71,46,52,93,204,740,0,6MOY-7,mcdyean01,2004-2005
Chris Mihm,25,LAL,C,75,75,1870,280,552,0.507,0,2,0.000,280,550,0.509,0.507,175,258,0.678,197,305,502,50,14,108,110,237,735,0,,mihmch01,2004-2005
Richard Jefferson,24,NJN,SF,33,33,1355,238,564,0.422,30,89,0.337,208,475,0.438,0.449,227,269,0.844,49,191,240,133,33,17,132,109,733,0,,jefferi01,2004-2005
Nazr Mohammed,27,2TM,C,77,59,1933,289,602,0.480,0,1,0.000,289,601,0.481,0.480,153,227,0.674,247,339,586,34,58,86,108,236,731,0,,mohamna01,2004-2005
Nazr Mohammed,27,NYK,C,54,54,1519,234,460,0.509,0,1,0.000,234,459,0.510,0.509,121,171,0.708,169,270,439,26,53,53,81,172,589,0,,mohamna01,2004-2005
Nazr Mohammed,27,SAS,C,23,5,414,55,142,0.387,0,0,,55,142,0.387,0.387,32,56,0.571,78,69,147,8,5,33,27,64,142,0,,mohamna01,2004-2005
Ben Wallace,30,DET,C,74,74,2671,295,651,0.453,1,9,0.111,294,642,0.458,0.454,130,304,0.428,292,610,902,123,106,176,82,159,721,0,DPOY-1ASNBA3,wallabe01,2004-2005
Bonzi Wells,28,MEM,SG,69,19,1489,272,617,0.441,36,104,0.346,236,513,0.460,0.470,141,188,0.750,49,180,229,80,85,27,90,165,721,0,,wellsbo01,2004-2005
Jason Williams,29,MEM,PG,71,68,1952,266,644,0.413,107,330,0.324,159,314,0.506,0.496,80,101,0.792,19,103,122,399,75,5,130,91,719,0,,willija02,2004-2005
Gordan Giriček,27,UTA,SG,81,44,1660,283,632,0.448,38,105,0.362,245,527,0.465,0.478,111,137,0.810,25,157,182,137,46,11,90,155,715,0,,giricgo01,2004-2005
Josh Smith,19,ATL,SF,74,59,2050,274,602,0.455,4,23,0.174,270,579,0.466,0.458,163,237,0.688,147,310,457,127,59,144,135,157,715,0,,smithjo03,2004-2005
Keith Bogans,24,CHA,SG,74,42,1791,262,688,0.381,57,173,0.329,205,515,0.398,0.422,133,183,0.727,76,150,226,135,68,8,122,167,714,0,,boganke01,2004-2005
Speedy Claxton,26,2TM,PG,62,47,1866,257,611,0.421,11,61,0.180,246,550,0.447,0.430,187,254,0.736,37,147,184,374,109,8,119,184,712,0,,claxtsp01,2004-2005
Speedy Claxton,26,GSW,PG,46,44,1501,216,501,0.431,10,52,0.192,206,449,0.459,0.441,162,213,0.761,32,121,153,286,87,6,92,154,604,0,,claxtsp01,2004-2005
Speedy Claxton,26,NOH,PG,16,3,365,41,110,0.373,1,9,0.111,40,101,0.396,0.377,25,41,0.610,5,26,31,88,22,2,27,30,108,0,,claxtsp01,2004-2005
Luol Deng,19,CHI,SF,61,45,1663,280,645,0.434,31,117,0.265,249,528,0.472,0.458,120,162,0.741,92,230,322,135,48,27,118,98,711,0,ROY-5,denglu01,2004-2005
Jason Hart,26,CHA,PG,74,27,1887,257,573,0.449,35,95,0.368,222,478,0.464,0.479,157,200,0.785,18,185,203,367,99,14,102,167,706,0,,hartja01,2004-2005
Keith Van Horn,29,2TM,PF,62,16,1502,257,564,0.456,54,142,0.380,203,422,0.481,0.504,128,157,0.815,89,205,294,75,36,21,81,170,696,0,,vanhoke01,2004-2005
Keith Van Horn,29,MIL,SF,33,13,818,128,285,0.449,30,78,0.385,98,207,0.473,0.502,56,65,0.862,55,110,165,41,21,11,47,82,342,0,,vanhoke01,2004-2005
Keith Van Horn,29,DAL,PF,29,3,684,129,279,0.462,24,64,0.375,105,215,0.488,0.505,72,92,0.783,34,95,129,34,15,10,34,88,354,0,,vanhoke01,2004-2005
Troy Hudson,28,MIN,PG,79,32,1729,266,664,0.401,89,258,0.345,177,406,0.436,0.468,70,90,0.778,19,86,105,283,27,6,113,121,691,0,,hudsotr01,2004-2005
Jameer Nelson,22,ORL,PG,79,21,1612,286,628,0.455,44,141,0.312,242,487,0.497,0.490,73,107,0.682,52,141,193,237,78,3,117,199,689,0,,nelsoja01,2004-2005
Jason Kapono,23,CHA,SF,81,14,1491,269,671,0.401,80,194,0.412,189,477,0.396,0.461,70,85,0.824,32,132,164,61,40,6,46,132,688,0,,kaponja01,2004-2005
Marcus Camby,30,DEN,C,66,66,2015,279,600,0.465,0,4,0.000,279,596,0.468,0.465,125,173,0.723,131,530,661,152,61,199,103,177,683,0,MVP-14DPOY-3,cambyma01,2004-2005
Andrés Nocioni,25,CHI,SF,81,38,1892,241,601,0.401,25,97,0.258,216,504,0.429,0.422,170,222,0.766,69,317,386,122,37,34,135,208,677,0,DPOY-21,nocioan01,2004-2005
Bruce Bowen,33,SAS,SF,82,82,2627,251,598,0.420,102,253,0.403,149,345,0.432,0.505,71,112,0.634,50,235,285,126,55,39,57,175,675,0,DPOY-2,bowenbr01,2004-2005
Jim Jackson,34,2TM,SF,64,27,1987,248,582,0.426,122,295,0.414,126,287,0.439,0.531,54,58,0.931,33,236,269,183,35,5,115,153,672,0,6MOY-10,jacksji01,2004-2005
Jim Jackson,34,HOU,SF,24,24,990,118,283,0.417,54,147,0.367,64,136,0.471,0.512,30,33,0.909,10,105,115,86,23,1,56,67,320,0,,jacksji01,2004-2005
Jim Jackson,34,PHO,SF,40,3,997,130,299,0.435,68,148,0.459,62,151,0.411,0.548,24,25,0.960,23,131,154,97,12,4,59,86,352,0,,jacksji01,2004-2005
Tony Delk,31,ATL,SG,56,1,1340,246,591,0.416,72,202,0.356,174,389,0.447,0.477,103,136,0.757,28,102,130,104,47,3,54,123,667,0,,delkto01,2004-2005
Brevin Knight,29,CHA,PG,66,61,1944,248,587,0.422,3,20,0.150,245,567,0.432,0.425,167,196,0.852,21,149,170,591,131,5,147,192,666,0,,knighbr01,2004-2005
Mike Sweetney,22,NYK,C,77,28,1509,237,446,0.531,0,1,0.000,237,445,0.533,0.531,176,235,0.749,169,249,418,44,27,28,108,224,650,0,,sweetmi01,2004-2005
Austin Croshere,29,IND,PF,73,22,1827,188,497,0.378,45,174,0.259,143,323,0.443,0.424,226,256,0.883,103,272,375,98,48,17,104,154,647,0,,croshau01,2004-2005
Tyson Chandler,22,CHI,C,80,10,2189,207,419,0.494,0,2,0.000,207,417,0.496,0.494,226,336,0.673,261,514,775,65,69,141,118,268,640,0,DPOY-186MOY-11,chandty01,2004-2005
Andrei Kirilenko,23,UTA,PF,41,37,1349,207,420,0.493,23,77,0.299,184,343,0.536,0.520,203,259,0.784,89,166,255,132,67,136,90,101,640,0,DPOY-10,kirilan01,2004-2005
Brendan Haywood,25,WAS,C,68,68,1865,239,427,0.560,0,0,,239,427,0.560,0.560,159,261,0.609,202,262,464,57,52,114,96,218,637,0,,haywobr01,2004-2005
Mickaël Piétrus,22,GSW,SF,67,3,1340,214,501,0.427,67,195,0.344,147,306,0.480,0.494,141,202,0.698,65,124,189,82,46,18,92,139,636,0,,pietrmi01,2004-2005
Bob Sura,31,HOU,PG,61,59,1922,215,504,0.427,55,155,0.355,160,349,0.458,0.481,141,188,0.750,79,258,337,317,65,7,147,168,626,0,,surabo01,2004-2005
Jamaal Tinsley,26,IND,PG,40,40,1301,218,522,0.418,58,156,0.372,160,366,0.437,0.473,122,164,0.744,26,134,160,257,81,12,134,112,616,0,,tinslja01,2004-2005
Earl Watson,25,MEM,PG,80,14,1808,236,554,0.426,52,163,0.319,184,391,0.471,0.473,91,138,0.659,35,129,164,359,83,19,167,184,615,0,,watsoea01,2004-2005
Darius Songaila,26,SAC,PF,81,21,1668,257,488,0.527,0,3,0.000,257,485,0.530,0.527,94,111,0.847,125,219,344,114,51,18,70,206,608,0,,songada01,2004-2005
Stromile Swift,25,MEM,PF,60,14,1279,219,488,0.449,0,4,0.000,219,484,0.452,0.449,166,219,0.758,92,181,273,43,41,92,90,182,604,0,,swiftst01,2004-2005
Brent Barry,33,SAS,SG,81,8,1742,194,459,0.423,100,280,0.357,94,179,0.525,0.532,113,135,0.837,29,161,190,178,39,20,64,123,601,0,,barrybr01,2004-2005
Predrag Drobnjak,29,ATL,C,71,1,1435,238,543,0.438,25,71,0.352,213,472,0.451,0.461,96,120,0.800,73,165,238,49,42,24,78,138,597,0,,drobnpr01,2004-2005
Dan Gadzuric,26,MIL,C,81,81,1783,243,451,0.539,0,0,,243,451,0.539,0.539,107,199,0.538,261,413,674,30,47,106,81,224,593,0,,gadzuda01,2004-2005
Matt Bonner,24,TOR,C,82,0,1553,247,463,0.533,39,92,0.424,208,371,0.561,0.576,56,71,0.789,108,177,285,48,39,19,40,220,589,0,,bonnema01,2004-2005
Samuel Dalembert,23,PHI,C,72,60,1785,250,477,0.524,0,0,,250,477,0.524,0.524,89,148,0.601,187,355,542,35,46,121,114,241,589,0,,dalemsa01,2004-2005
Nick Van Exel,33,POR,SG,53,34,1619,214,561,0.381,100,257,0.389,114,304,0.375,0.471,58,74,0.784,20,141,161,227,44,0,92,70,586,0,,vanexni01,2004-2005
Juwan Howard,31,HOU,PF,61,47,1624,244,541,0.451,0,1,0.000,244,540,0.452,0.451,97,115,0.843,126,220,346,94,32,5,79,143,585,0,,howarju01,2004-2005
Jumaine Jones,25,LAL,SF,76,23,1830,210,486,0.432,102,261,0.391,108,225,0.480,0.537,55,75,0.733,107,291,398,65,44,24,49,165,577,0,,jonesju01,2004-2005
Melvin Ely,26,CHA,PF,79,17,1649,227,526,0.432,0,0,,227,526,0.432,0.432,122,212,0.575,142,184,326,76,32,69,115,199,576,0,,elyme01,2004-2005
Chris Kaman,22,LAC,C,63,50,1632,246,495,0.497,0,1,0.000,246,494,0.498,0.497,80,121,0.661,135,288,423,73,26,68,115,182,572,0,,kamanch01,2004-2005
Othella Harrington,31,CHI,PF,70,28,1271,217,424,0.512,0,0,,217,424,0.512,0.512,127,177,0.718,106,186,292,56,24,18,84,188,561,0,,harriot01,2004-2005
Jarvis Hayes,23,WAS,SF,54,22,1560,206,530,0.389,42,123,0.341,164,407,0.403,0.428,99,118,0.839,41,186,227,90,49,9,62,107,553,0,,hayesja01,2004-2005
Casey Jacobsen,23,2TM,SG,84,1,1798,165,408,0.404,66,177,0.373,99,231,0.429,0.485,151,192,0.786,35,132,167,113,33,8,71,104,547,0,,jacobca01,2004-2005
Casey Jacobsen,23,PHO,SF,40,0,768,65,157,0.414,34,89,0.382,31,68,0.456,0.522,48,62,0.774,17,50,67,37,11,1,27,56,212,0,,jacobca01,2004-2005
Casey Jacobsen,23,NOH,SG,44,1,1030,100,251,0.398,32,88,0.364,68,163,0.417,0.462,103,130,0.792,18,82,100,76,22,7,44,48,335,0,,jacobca01,2004-2005
Marquis Daniels,24,DAL,SG,60,17,1412,220,504,0.437,7,35,0.200,213,469,0.454,0.443,98,133,0.737,87,129,216,128,83,14,86,124,545,0,,daniema01,2004-2005
Erick Dampier,29,DAL,C,59,56,1609,202,367,0.550,0,3,0.000,202,364,0.555,0.550,138,228,0.605,183,318,501,51,15,80,102,205,542,0,,dampier01,2004-2005
Trenton Hassell,25,MIN,SG,82,51,2068,225,475,0.474,1,11,0.091,224,464,0.483,0.475,90,114,0.789,80,139,219,128,30,30,64,200,541,0,DPOY-14,hassetr01,2004-2005
Malik Rose,30,2TM,PF,76,5,1475,198,441,0.449,1,10,0.100,197,431,0.457,0.450,137,186,0.737,129,212,341,59,46,16,102,208,534,0,,rosema01,2004-2005
Malik Rose,30,SAS,PF,50,1,862,124,267,0.464,0,4,0.000,124,263,0.471,0.464,69,99,0.697,95,132,227,41,31,9,56,124,317,0,,rosema01,2004-2005
Malik Rose,30,NYK,PF,26,4,613,74,174,0.425,1,6,0.167,73,168,0.435,0.428,68,87,0.782,34,80,114,18,15,7,46,84,217,0,,rosema01,2004-2005
Clifford Robinson,38,2TM,C,71,29,1689,202,523,0.386,67,193,0.347,135,330,0.409,0.450,62,97,0.639,54,155,209,104,62,53,66,181,533,0,,robincl02,2004-2005
Clifford Robinson,38,GSW,C,42,29,1090,141,354,0.398,42,127,0.331,99,227,0.436,0.458,35,58,0.603,31,83,114,74,44,39,41,107,359,0,,robincl02,2004-2005
Clifford Robinson,38,NJN,PF,29,0,599,61,169,0.361,25,66,0.379,36,103,0.350,0.435,27,39,0.692,23,72,95,30,18,14,25,74,174,0,,robincl02,2004-2005
Anthony Johnson,30,IND,PG,63,36,1747,203,456,0.445,41,108,0.380,162,348,0.466,0.490,85,113,0.752,32,147,179,302,59,15,96,144,532,0,,johnsan02,2004-2005
Nenê,22,DEN,C,55,18,1317,194,386,0.503,0,2,0.000,194,384,0.505,0.503,140,212,0.660,104,221,325,84,50,48,94,167,528,0,,hilarne01,2004-2005
Eddie Griffin,22,MIN,PF,70,0,1492,202,522,0.387,67,204,0.328,135,318,0.425,0.451,56,78,0.718,128,325,453,53,23,118,55,120,527,0,,griffed01,2004-2005
Jared Jeffries,23,WAS,SF,77,71,2007,203,434,0.468,16,51,0.314,187,383,0.488,0.486,101,173,0.584,152,222,374,151,66,35,114,206,523,0,,jeffrja01,2004-2005
Brian Cardinal,27,MEM,PF,58,16,1433,160,432,0.370,44,125,0.352,116,307,0.378,0.421,158,181,0.873,63,162,225,114,88,19,83,172,522,0,,cardibr01,2004-2005
Travis Best,32,NJN,PG,76,6,1461,190,452,0.420,26,85,0.306,164,367,0.447,0.449,108,122,0.885,19,88,107,143,66,9,67,148,514,0,,besttr01,2004-2005
Chris Andersen,26,NOH,C,67,2,1430,191,358,0.534,0,3,0.000,191,355,0.538,0.534,131,190,0.689,137,273,410,71,14,100,64,144,513,0,,anderch01,2004-2005
Jason Collins,26,NJN,C,80,80,2542,186,451,0.412,2,6,0.333,184,445,0.413,0.415,137,209,0.656,153,335,488,105,71,71,91,322,511,0,,collija04,2004-2005
Juan Dixon,26,WAS,SG,63,4,1054,186,447,0.416,48,147,0.327,138,300,0.460,0.470,87,97,0.897,32,87,119,111,43,4,68,98,507,0,,dixonju01,2004-2005
DerMarr Johnson,24,DEN,SG,71,40,1232,185,371,0.499,53,148,0.358,132,223,0.592,0.570,80,101,0.792,43,108,151,75,43,18,65,140,503,0,,johnsde03,2004-2005
Antonio Davis,36,CHI,PF,72,62,1843,193,419,0.461,0,0,,193,419,0.461,0.461,115,152,0.757,152,276,428,80,27,41,96,147,501,0,,davisan01,2004-2005
Devin Brown,26,SAS,SG,67,0,1238,173,409,0.423,45,121,0.372,128,288,0.444,0.478,103,130,0.792,37,139,176,92,39,12,53,83,494,0,,brownde02,2004-2005
Boštjan Nachbar,24,2TM,SF,71,6,1341,161,411,0.392,75,196,0.383,86,215,0.400,0.483,97,117,0.829,24,158,182,74,29,16,73,183,494,0,,nachbbo01,2004-2005
Boštjan Nachbar,24,HOU,SF,16,2,204,15,43,0.349,10,21,0.476,5,22,0.227,0.465,9,12,0.750,4,26,30,9,1,0,5,30,49,0,,nachbbo01,2004-2005
Boštjan Nachbar,24,NOH,PF,55,4,1137,146,368,0.397,65,175,0.371,81,193,0.420,0.485,88,105,0.838,20,132,152,65,28,16,68,153,445,0,,nachbbo01,2004-2005
Marko Jarić,26,LAC,PG,50,41,1656,189,457,0.414,56,151,0.371,133,306,0.435,0.475,59,82,0.720,20,141,161,303,84,17,98,107,493,0,,jaricma01,2004-2005
Tony Allen,23,BOS,SG,77,34,1262,184,387,0.475,12,31,0.387,172,356,0.483,0.491,112,152,0.737,85,136,221,64,76,24,77,156,492,0,,allento01,2004-2005
Joel Przybilla,25,POR,C,76,50,1858,199,333,0.598,0,0,,199,333,0.598,0.598,90,174,0.517,178,410,588,74,24,163,98,239,488,0,DPOY-12,przybjo01,2004-2005
Chris Duhon,22,CHI,PG,82,73,2177,172,488,0.352,94,265,0.355,78,223,0.350,0.449,49,67,0.731,23,190,213,398,82,3,119,205,487,0,,duhonch01,2004-2005
Al Jefferson,20,BOS,PF,71,1,1051,195,369,0.528,0,3,0.000,195,366,0.533,0.528,85,135,0.630,119,193,312,24,22,55,66,195,475,0,,jeffeal01,2004-2005
Maurice Taylor,28,2TM,PF,65,16,1336,203,446,0.455,3,9,0.333,200,437,0.458,0.459,63,103,0.612,67,190,257,67,27,20,94,180,472,0,,tayloma01,2004-2005
Maurice Taylor,28,HOU,PF,38,16,905,127,292,0.435,3,8,0.375,124,284,0.437,0.440,39,60,0.650,41,123,164,53,16,12,63,123,296,0,,tayloma01,2004-2005
Maurice Taylor,28,NYK,C,27,0,431,76,154,0.494,0,1,0.000,76,153,0.497,0.494,24,43,0.558,26,67,93,14,11,8,31,57,176,0,,tayloma01,2004-2005
Beno Udrih,22,SAS,PG,80,2,1149,173,390,0.444,58,142,0.408,115,248,0.464,0.518,67,89,0.753,16,67,83,150,41,10,77,96,471,0,,udrihbe01,2004-2005
Trevor Ariza,19,NYK,SF,80,12,1382,172,389,0.442,3,13,0.231,169,376,0.449,0.446,121,174,0.695,89,153,242,85,70,18,73,150,468,0,,arizatr01,2004-2005
Milt Palacio,26,TOR,PG,80,4,1533,175,392,0.446,2,12,0.167,173,380,0.455,0.449,115,155,0.742,26,108,134,279,48,13,104,126,467,0,,palacmi01,2004-2005
Nick Collison,24,SEA,C,82,4,1396,190,354,0.537,0,3,0.000,190,351,0.541,0.537,83,118,0.703,156,220,376,32,34,50,62,252,463,0,,collini01,2004-2005
Danny Fortson,28,SEA,C,62,0,1047,118,226,0.522,0,0,,118,226,0.522,0.522,227,258,0.880,157,191,348,8,15,7,91,265,463,0,,fortsda01,2004-2005
Jiří Welsch,25,2TM,SG,71,32,1317,149,371,0.402,34,110,0.309,115,261,0.441,0.447,129,169,0.763,26,141,167,103,44,5,73,121,461,0,,welscji01,2004-2005
Jiří Welsch,25,BOS,SG,55,32,1125,137,320,0.428,32,99,0.323,105,221,0.475,0.478,109,141,0.773,20,119,139,84,39,5,58,105,415,0,,welscji01,2004-2005
Jiří Welsch,25,CLE,SF,16,0,192,12,51,0.235,2,11,0.182,10,40,0.250,0.255,20,28,0.714,6,22,28,19,5,0,15,16,46,0,,welscji01,2004-2005
Carlos Arroyo,25,2TM,PG,70,16,1448,167,429,0.389,8,30,0.267,159,399,0.398,0.399,119,149,0.799,26,78,104,280,44,4,107,143,461,0,,arroyca01,2004-2005
Carlos Arroyo,25,UTA,PG,30,16,742,93,232,0.401,7,18,0.389,86,214,0.402,0.416,53,63,0.841,11,35,46,152,20,3,55,67,246,0,,arroyca01,2004-2005
Carlos Arroyo,25,DET,PG,40,0,706,74,197,0.376,1,12,0.083,73,185,0.395,0.378,66,86,0.767,15,43,58,128,24,1,52,76,215,0,,arroyca01,2004-2005
Sebastian Telfair,19,POR,PG,68,26,1330,169,430,0.393,17,69,0.246,152,361,0.421,0.413,105,133,0.789,10,94,104,224,35,4,125,120,460,0,,telfase01,2004-2005
Brian Cook,24,LAL,C,72,0,1087,176,422,0.417,78,199,0.392,98,223,0.439,0.509,28,37,0.757,63,153,216,35,23,26,29,139,458,0,,cookbr01,2004-2005
Zaza Pachulia,20,MIL,C,74,4,1397,160,354,0.452,0,1,0.000,160,353,0.453,0.452,138,185,0.746,131,247,378,60,44,34,70,166,458,0,,pachuza01,2004-2005
Jon Barry,35,2TM,SG,69,2,1505,161,368,0.438,71,165,0.430,90,203,0.443,0.534,62,71,0.873,26,133,159,167,60,9,67,95,455,0,,barryjo01,2004-2005
Jon Barry,35,ATL,SG,16,0,275,31,77,0.403,11,32,0.344,20,45,0.444,0.474,10,13,0.769,4,17,21,28,14,2,14,28,83,0,,barryjo01,2004-2005
Jon Barry,35,HOU,SG,53,2,1230,130,291,0.447,60,133,0.451,70,158,0.443,0.550,52,58,0.897,22,116,138,139,46,7,53,67,372,0,,barryjo01,2004-2005
Robert Horry,34,SAS,PF,75,16,1396,157,375,0.419,51,138,0.370,106,237,0.447,0.487,86,109,0.789,91,177,268,80,67,60,69,138,451,0,,horryro01,2004-2005
Rodney Buford,27,NJN,SF,64,17,1313,187,489,0.382,34,108,0.315,153,381,0.402,0.417,37,45,0.822,33,156,189,63,40,4,35,101,445,0,,buforro01,2004-2005
Rodney Rogers,33,2TM,SF,58,33,1367,172,450,0.382,48,168,0.286,124,282,0.440,0.436,52,70,0.743,61,185,246,86,41,20,86,172,444,0,,rogerro01,2004-2005
Rodney Rogers,33,NOH,SF,30,26,882,109,289,0.377,25,92,0.272,84,197,0.426,0.420,32,42,0.762,28,114,142,60,19,12,66,103,275,0,,rogerro01,2004-2005
Rodney Rogers,33,PHI,PF,28,7,485,63,161,0.391,23,76,0.303,40,85,0.471,0.463,20,28,0.714,33,71,104,26,22,8,20,69,169,0,,rogerro01,2004-2005
Leandro Barbosa,22,PHO,PG,63,6,1087,168,354,0.475,51,139,0.367,117,215,0.544,0.547,55,69,0.797,32,98,130,126,30,7,87,127,442,0,,barbole01,2004-2005
Ira Newble,30,CLE,SG,74,69,1832,182,424,0.429,19,53,0.358,163,371,0.439,0.452,55,69,0.797,78,142,220,91,50,18,61,144,438,0,,newblir01,2004-2005
Rick Brunson,32,LAC,PG,80,39,1945,166,442,0.376,48,130,0.369,118,312,0.378,0.430,57,74,0.770,23,164,187,410,82,7,125,106,437,0,,brunsri01,2004-2005
Willie Green,23,PHI,SG,57,21,1066,155,423,0.366,30,105,0.286,125,318,0.393,0.402,97,125,0.776,22,111,133,100,34,6,75,121,437,0,,greenwi01,2004-2005
Fred Hoiberg,32,MIN,SG,76,0,1272,139,284,0.489,70,145,0.483,69,139,0.496,0.613,89,102,0.873,32,149,181,85,50,15,20,105,437,0,,hoibefr01,2004-2005
Devin Harris,21,DAL,PG,76,19,1173,157,366,0.429,44,131,0.336,113,235,0.481,0.489,78,103,0.757,28,74,102,169,77,19,82,139,436,0,,harride01,2004-2005
Derek Anderson,30,POR,SG,47,32,1239,152,391,0.389,58,151,0.384,94,240,0.392,0.463,70,87,0.805,25,103,128,143,36,4,70,89,432,0,,anderde01,2004-2005
Greg Buckner,28,DEN,SG,70,41,1522,160,303,0.528,49,121,0.405,111,182,0.610,0.609,63,81,0.778,66,142,208,133,75,6,49,169,432,0,,buckngr01,2004-2005
Kelvin Cato,30,ORL,C,62,50,1525,160,297,0.539,0,0,,160,297,0.539,0.539,112,143,0.783,102,314,416,40,55,82,64,170,432,0,,catoke01,2004-2005
DeShawn Stevenson,23,ORL,SG,55,27,1089,174,426,0.408,25,67,0.373,149,359,0.415,0.438,56,101,0.554,38,64,102,69,16,9,57,73,429,0,,stevede01,2004-2005
Jeff Foster,28,IND,C,61,43,1594,168,324,0.519,0,5,0.000,168,319,0.527,0.519,90,142,0.634,205,345,550,43,46,12,55,186,426,0,,fosteje01,2004-2005
Chris Wilcox,22,LAC,C,54,25,1005,169,329,0.514,0,0,,169,329,0.514,0.514,88,144,0.611,63,165,228,38,26,24,77,129,426,0,,wilcoch01,2004-2005
Eric Williams,32,2TM,SG,55,39,1322,142,330,0.430,28,73,0.384,114,257,0.444,0.473,112,161,0.696,44,128,172,92,38,4,60,147,424,0,,willier01,2004-2005
Eric Williams,32,NJN,SG,21,21,739,87,185,0.470,17,40,0.425,70,145,0.483,0.516,74,108,0.685,28,67,95,42,16,2,34,80,265,0,,willier01,2004-2005
Eric Williams,32,TOR,SG,34,18,583,55,145,0.379,11,33,0.333,44,112,0.393,0.417,38,53,0.717,16,61,77,50,22,2,26,67,159,0,,willier01,2004-2005
Rasual Butler,25,MIA,SF,65,15,1203,163,409,0.399,57,153,0.373,106,256,0.414,0.468,37,48,0.771,15,136,151,62,18,29,37,104,420,0,,butlera01,2004-2005
Maurice Evans,26,SAC,SG,65,11,1233,165,373,0.442,27,82,0.329,138,291,0.474,0.479,59,78,0.756,88,113,201,45,37,8,34,104,416,0,,evansma01,2004-2005
Keith McLeod,25,UTA,PG,53,47,1382,143,408,0.350,18,72,0.250,125,336,0.372,0.373,112,146,0.767,20,93,113,236,63,12,99,138,416,0,,mcleoke01,2004-2005
Howard Eisley,32,UTA,PG,74,1,1428,161,405,0.398,27,103,0.262,134,302,0.444,0.431,66,83,0.795,15,75,90,250,45,9,111,156,415,0,,eisleho01,2004-2005
Rasho Nesterović,28,SAS,C,70,70,1785,198,430,0.460,0,0,,198,430,0.460,0.460,14,30,0.467,184,275,459,71,31,117,73,207,410,0,,nestera01,2004-2005
Robert Traylor,27,CLE,C,74,6,1327,177,399,0.444,0,8,0.000,177,391,0.453,0.444,55,102,0.539,136,196,332,61,54,50,73,215,409,0,,traylro01,2004-2005
James Posey,28,MEM,SF,50,18,1382,127,356,0.357,55,178,0.309,72,178,0.404,0.434,96,111,0.865,45,174,219,88,48,23,69,134,405,0,,poseyja01,2004-2005
Jason Collier,27,ATL,C,70,44,942,174,376,0.463,6,14,0.429,168,362,0.464,0.471,48,71,0.676,84,100,184,18,15,13,63,147,402,0,,collija02,2004-2005
Kareem Rush,24,2TM,SG,48,22,968,157,406,0.387,51,137,0.372,106,269,0.394,0.450,37,48,0.771,20,69,89,68,20,7,47,74,402,0,,rushka01,2004-2005
Kareem Rush,24,LAL,SG,14,0,91,4,20,0.200,2,10,0.200,2,10,0.200,0.250,2,2,1.000,3,7,10,3,2,1,3,7,12,0,,rushka01,2004-2005
Kareem Rush,24,CHA,SG,34,22,877,153,386,0.396,49,127,0.386,104,259,0.402,0.460,35,46,0.761,17,62,79,65,18,6,44,67,390,0,,rushka01,2004-2005
Quinton Ross,23,LAC,SG,78,19,1659,161,373,0.432,1,4,0.250,160,369,0.434,0.433,74,110,0.673,59,151,210,109,51,22,54,165,397,0,,rossqu01,2004-2005
Eddie House,26,3TM,SG,68,7,891,165,366,0.451,44,97,0.454,121,269,0.450,0.511,23,27,0.852,16,67,83,96,44,6,35,65,397,0,,houseed01,2004-2005
Eddie House,26,CHA,SG,13,5,300,61,135,0.452,12,29,0.414,49,106,0.462,0.496,10,13,0.769,2,17,19,24,24,3,13,23,144,0,,houseed01,2004-2005
Eddie House,26,MIL,SG,5,0,41,6,17,0.353,4,6,0.667,2,11,0.182,0.471,0,0,,0,3,3,5,2,0,0,3,16,0,,houseed01,2004-2005
Eddie House,26,SAC,PG,50,2,550,98,214,0.458,28,62,0.452,70,152,0.461,0.523,13,14,0.929,14,47,61,67,18,3,22,39,237,0,,houseed01,2004-2005
Mikki Moore,29,LAC,PF,74,4,1178,144,287,0.502,1,5,0.200,143,282,0.507,0.503,107,136,0.787,97,149,246,47,19,32,63,173,396,0,,mooremi01,2004-2005
Jerome James,29,SEA,C,80,80,1330,174,342,0.509,0,2,0.000,174,340,0.512,0.509,47,65,0.723,81,160,241,19,23,111,88,279,395,0,,jamesje01,2004-2005
Tony Battie,28,ORL,C,81,32,1894,163,354,0.460,0,6,0.000,163,348,0.468,0.460,68,94,0.723,109,343,452,42,30,81,81,244,394,0,,battito01,2004-2005
Reggie Evans,24,SEA,PF,79,79,1881,131,275,0.476,0,2,0.000,131,273,0.480,0.476,125,234,0.534,254,482,736,58,58,15,104,202,387,0,,evansre01,2004-2005
Keyon Dooling,24,MIA,PG,74,0,1184,139,345,0.403,19,75,0.253,120,270,0.444,0.430,85,109,0.780,11,79,90,132,39,11,65,120,382,0,,doolike01,2004-2005
Jacque Vaughn,29,NJN,SG,71,34,1410,146,325,0.449,5,15,0.333,141,310,0.455,0.457,76,91,0.835,17,90,107,135,41,1,62,138,373,0,,vaughja01,2004-2005
Marcus Banks,23,BOS,PG,81,2,1145,115,286,0.402,21,59,0.356,94,227,0.414,0.439,121,163,0.742,29,97,126,155,63,13,79,146,372,0,,banksma01,2004-2005
James Jones,24,IND,SF,75,24,1330,126,318,0.396,66,166,0.398,60,152,0.395,0.500,53,62,0.855,39,135,174,57,31,28,43,123,371,0,,jonesja02,2004-2005
Lamond Murray,31,TOR,SF,62,1,918,132,310,0.426,46,105,0.438,86,205,0.420,0.500,61,80,0.763,44,120,164,47,32,16,54,85,371,0,,murrala01,2004-2005
Michael Olowokandi,29,MIN,C,62,34,1215,161,353,0.456,0,0,,161,353,0.456,0.456,46,69,0.667,106,218,324,29,15,56,68,193,368,0,,olowomi01,2004-2005
Jerome Williams,31,NYK,SF,79,4,1211,122,243,0.502,0,5,0.000,122,238,0.513,0.502,115,172,0.669,115,168,283,41,55,10,65,155,359,0,,willije01,2004-2005
Eduardo Nájera,28,2TM,PF,68,4,1185,145,322,0.450,6,21,0.286,139,301,0.462,0.460,58,91,0.637,102,141,243,65,41,24,61,148,354,0,,najered01,2004-2005
Eduardo Nájera,28,GSW,PF,42,4,610,70,172,0.407,6,15,0.400,64,157,0.408,0.424,29,45,0.644,53,65,118,37,18,10,32,71,175,0,,najered01,2004-2005
Eduardo Nájera,28,DEN,PF,26,0,575,75,150,0.500,0,6,0.000,75,144,0.521,0.500,29,46,0.630,49,76,125,28,23,14,29,77,179,0,,najered01,2004-2005
Adonal Foyle,29,GSW,C,78,50,1700,156,311,0.502,0,0,,156,311,0.502,0.502,40,72,0.556,165,264,429,56,26,159,58,201,352,0,,foylead01,2004-2005
Steven Hunter,23,PHO,C,76,3,1046,135,220,0.614,0,1,0.000,135,219,0.616,0.614,78,163,0.479,98,129,227,13,4,102,44,131,348,0,,huntest01,2004-2005
Ronald Murray,25,SEA,SG,49,6,883,131,363,0.361,24,95,0.253,107,268,0.399,0.394,59,80,0.738,15,83,98,65,30,11,57,59,345,0,,murraro01,2004-2005
Doug Christie,34,2TM,SG,52,44,1525,130,332,0.392,15,62,0.242,115,270,0.426,0.414,70,78,0.897,38,139,177,199,80,18,104,106,345,0,,chrisdo01,2004-2005
Doug Christie,34,SAC,SG,31,31,996,83,204,0.407,10,39,0.256,73,165,0.442,0.431,50,56,0.893,29,94,123,153,43,13,68,61,226,0,,chrisdo01,2004-2005
Doug Christie,34,ORL,SG,21,13,529,47,128,0.367,5,23,0.217,42,105,0.400,0.387,20,22,0.909,9,45,54,46,37,5,36,45,119,0,,chrisdo01,2004-2005
Željko Rebrača,32,LAC,C,58,2,928,133,234,0.568,0,0,,133,234,0.568,0.568,73,85,0.859,49,135,184,26,13,40,49,130,339,0,,rebraze01,2004-2005
Brian Scalabrine,26,NJN,PF,54,14,1167,132,332,0.398,22,68,0.324,110,264,0.417,0.431,53,69,0.768,83,161,244,88,34,18,66,111,339,0,,scalabr01,2004-2005
Kirk Snyder,21,UTA,SG,68,7,906,122,328,0.372,30,85,0.353,92,243,0.379,0.418,64,96,0.667,50,71,121,36,26,19,58,116,338,0,,snydeki01,2004-2005
Marcus Fizer,26,MIL,PF,54,0,903,133,292,0.455,0,6,0.000,133,286,0.465,0.455,70,103,0.680,29,146,175,64,25,13,63,96,336,0,,fizerma01,2004-2005
Tierre Brown,25,LAL,PG,76,0,1066,124,348,0.356,26,72,0.361,98,276,0.355,0.394,59,75,0.787,21,72,93,155,32,1,74,59,333,0,,brownti01,2004-2005
Etan Thomas,26,WAS,C,47,10,976,128,255,0.502,0,0,,128,255,0.502,0.502,76,144,0.528,85,159,244,20,17,51,50,133,332,0,,thomaet01,2004-2005
Pat Garrity,28,ORL,PF,71,0,955,123,306,0.402,49,147,0.333,74,159,0.465,0.482,29,33,0.879,21,103,124,30,19,9,30,107,324,0,,garripa01,2004-2005
Eric Piatkowski,34,CHI,SG,68,11,841,111,258,0.430,57,134,0.425,54,124,0.435,0.541,45,56,0.804,15,64,79,51,29,1,37,67,324,0,,piatker01,2004-2005
Dikembe Mutombo,38,HOU,C,80,2,1212,108,217,0.498,0,0,,108,217,0.498,0.498,106,143,0.741,150,276,426,10,16,101,51,135,322,0,,mutomdi01,2004-2005
Eric Snow,31,CLE,SG,81,15,1844,125,327,0.382,13,45,0.289,112,282,0.397,0.402,59,80,0.738,37,118,155,317,67,16,89,189,322,0,,snower01,2004-2005
Michael Doleac,27,MIA,C,80,8,1175,148,331,0.447,0,2,0.000,148,329,0.450,0.447,25,41,0.610,74,185,259,47,23,22,36,160,321,0,,doleami01,2004-2005
Travis Outlaw,20,POR,SF,59,2,793,133,267,0.498,4,10,0.400,129,257,0.502,0.506,49,75,0.653,40,81,121,35,30,40,39,77,319,0,,outlatr01,2004-2005
Boris Diaw,22,ATL,SG,66,25,1201,124,294,0.422,9,50,0.180,115,244,0.471,0.437,57,77,0.740,54,116,170,149,37,18,87,123,314,0,,diawbo01,2004-2005
Sasha Pavlović,21,CLE,SG,65,9,862,120,276,0.435,30,78,0.385,90,198,0.455,0.489,44,64,0.688,15,56,71,49,29,4,47,121,314,0,,pavloal01,2004-2005
Steve Smith,35,2TM,SG,50,1,750,102,248,0.411,41,105,0.390,61,143,0.427,0.494,69,80,0.863,15,50,65,71,14,7,27,82,314,0,,smithst01,2004-2005
Steve Smith,35,CHA,SG,37,1,636,93,218,0.427,38,90,0.422,55,128,0.430,0.514,67,77,0.870,13,36,49,57,12,7,24,74,291,0,,smithst01,2004-2005
Steve Smith,35,MIA,SG,13,0,114,9,30,0.300,3,15,0.200,6,15,0.400,0.350,2,3,0.667,2,14,16,14,2,0,3,8,23,0,,smithst01,2004-2005
Lucious Harris,34,CLE,SG,73,4,1128,118,299,0.395,21,65,0.323,97,234,0.415,0.430,56,69,0.812,39,82,121,49,27,6,29,68,313,0,,harrilu01,2004-2005
Bryon Russell,34,DEN,SF,70,2,1026,95,252,0.377,56,149,0.376,39,103,0.379,0.488,61,77,0.792,50,122,172,72,44,11,35,130,307,0,,russebr01,2004-2005
Theo Ratliff,31,POR,C,63,45,1731,115,257,0.447,0,0,,115,257,0.447,0.447,74,107,0.692,111,220,331,34,23,158,56,183,304,0,,ratlith01,2004-2005
Bobby Jackson,31,SAC,SG,25,0,536,109,255,0.427,33,96,0.344,76,159,0.478,0.492,50,58,0.862,23,62,85,59,14,2,28,58,301,0,,jacksbo01,2004-2005
Erick Strickland,31,MIL,SG,62,5,1014,114,304,0.375,21,83,0.253,93,221,0.421,0.410,52,64,0.813,11,92,103,115,30,1,64,103,301,0,,stricer01,2004-2005
Toni Kukoč,36,MIL,SF,53,6,1099,105,256,0.410,42,116,0.362,63,140,0.450,0.492,44,61,0.721,31,129,160,160,39,13,64,70,296,0,,kukocto01,2004-2005
Rodney White,24,2TM,SF,58,2,677,121,289,0.419,24,60,0.400,97,229,0.424,0.460,27,44,0.614,24,65,89,44,32,11,37,64,293,0,,whitero02,2004-2005
Rodney White,24,DEN,SF,42,2,531,98,227,0.432,19,44,0.432,79,183,0.432,0.474,21,34,0.618,20,54,74,36,30,10,27,51,236,0,,whitero02,2004-2005
Rodney White,24,GSW,SF,16,0,146,23,62,0.371,5,16,0.313,18,46,0.391,0.411,6,10,0.600,4,11,15,8,2,1,10,13,57,0,,whitero02,2004-2005
Kwame Brown,22,WAS,PF,42,14,908,109,237,0.460,0,0,,109,237,0.460,0.460,74,129,0.574,72,134,206,39,25,15,67,112,292,0,,brownkw01,2004-2005
Lindsey Hunter,34,DET,SG,76,3,1144,108,302,0.358,23,84,0.274,85,218,0.390,0.396,46,58,0.793,38,85,123,130,68,13,68,125,285,0,,hunteli01,2004-2005
Dale Davis,35,2TM,C,61,28,1307,112,234,0.479,0,0,,112,234,0.479,0.479,60,99,0.606,152,223,375,47,32,65,43,162,284,0,,davisda01,2004-2005
Dale Davis,35,GSW,C,36,3,577,45,109,0.413,0,0,,45,109,0.413,0.413,22,38,0.579,61,92,153,23,13,32,20,79,112,0,,davisda01,2004-2005
Dale Davis,35,IND,C,25,25,730,67,125,0.536,0,0,,67,125,0.536,0.536,38,61,0.623,91,131,222,24,19,33,23,83,172,0,,davisda01,2004-2005
Alonzo Mourning,34,2TM,C,37,17,702,100,212,0.472,0,0,,100,212,0.472,0.472,82,141,0.582,53,145,198,18,8,74,57,82,282,0,,mournal01,2004-2005
Alonzo Mourning,34,NJN,PF,18,14,457,68,150,0.453,0,0,,68,150,0.453,0.453,51,86,0.593,31,96,127,14,5,41,45,50,187,0,,mournal01,2004-2005
Alonzo Mourning,34,MIA,C,19,3,245,32,62,0.516,0,0,,32,62,0.516,0.516,31,55,0.564,22,49,71,4,3,33,12,32,95,0,,mournal01,2004-2005
Kris Humphries,19,UTA,PF,67,4,873,116,287,0.404,2,6,0.333,114,281,0.406,0.408,44,101,0.436,73,124,197,43,25,18,52,96,278,0,,humphkr01,2004-2005
Scott Padgett,28,HOU,PF,66,0,942,98,233,0.421,50,126,0.397,48,107,0.449,0.528,29,40,0.725,47,138,185,55,33,10,30,119,275,0,,padgesc01,2004-2005
Alan Henderson,32,DAL,PF,78,10,1203,116,220,0.527,0,2,0.000,116,218,0.532,0.527,41,76,0.539,164,184,348,21,29,37,49,149,273,0,,hendeal01,2004-2005
Jamaal Magloire,26,NOH,C,23,22,703,98,227,0.432,0,0,,98,227,0.432,0.432,74,123,0.602,79,126,205,29,8,23,59,74,270,0,,magloja01,2004-2005
Eddie Gill,26,IND,PG,73,3,1021,81,242,0.335,36,117,0.308,45,125,0.360,0.409,71,81,0.877,16,96,112,83,59,5,60,105,269,0,,gilled01,2004-2005
Anfernee Hardaway,33,NYK,SF,37,0,894,110,260,0.423,15,50,0.300,95,210,0.452,0.452,34,46,0.739,19,70,89,74,28,3,50,79,269,0,,hardaan01,2004-2005
Anderson Varejão,22,CLE,PF,54,0,863,99,193,0.513,0,2,0.000,99,191,0.518,0.513,68,127,0.535,109,148,257,27,41,38,26,122,266,0,,varejan01,2004-2005
David Harrison,22,IND,C,43,14,760,106,184,0.576,0,0,,106,184,0.576,0.576,52,91,0.571,48,87,135,13,16,55,53,134,264,0,,harrida01,2004-2005
Wesley Person,33,2TM,SF,41,3,667,107,226,0.473,41,89,0.461,66,137,0.482,0.564,9,13,0.692,3,80,83,39,19,4,17,30,264,0,,persowe01,2004-2005
Wesley Person,33,MIA,SF,16,3,206,25,57,0.439,8,21,0.381,17,36,0.472,0.509,4,4,1.000,1,21,22,11,6,0,7,6,62,0,,persowe01,2004-2005
Wesley Person,33,DEN,SF,25,0,461,82,169,0.485,33,68,0.485,49,101,0.485,0.583,5,9,0.556,2,59,61,28,13,4,10,24,202,0,,persowe01,2004-2005
Darrell Armstrong,36,2TM,PG,66,16,988,89,277,0.321,28,111,0.252,61,166,0.367,0.372,58,68,0.853,35,80,115,178,45,8,67,92,264,0,,armstda01,2004-2005
Darrell Armstrong,36,NOH,PG,14,9,412,53,159,0.333,17,70,0.243,36,89,0.404,0.387,19,21,0.905,16,32,48,65,15,2,28,30,142,0,,armstda01,2004-2005
Darrell Armstrong,36,DAL,PG,52,7,576,36,118,0.305,11,41,0.268,25,77,0.325,0.352,39,47,0.830,19,48,67,113,30,6,39,62,122,0,,armstda01,2004-2005
Brian Grant,32,LAL,C,69,8,1136,103,209,0.493,0,0,,103,209,0.493,0.493,57,79,0.722,101,156,257,34,23,23,43,175,263,0,,grantbr01,2004-2005
Christian Laettner,35,MIA,PF,49,0,739,107,184,0.582,1,7,0.143,106,177,0.599,0.584,45,59,0.763,36,95,131,41,32,15,29,78,260,0,,laettch01,2004-2005
Walter McCarty,30,2TM,PF,72,0,906,95,235,0.404,55,155,0.355,40,80,0.500,0.521,15,29,0.517,29,109,138,37,25,15,36,144,260,0,,mccarwa01,2004-2005
Walter McCarty,30,BOS,PF,44,0,553,62,150,0.413,30,90,0.333,32,60,0.533,0.513,8,15,0.533,21,56,77,26,15,9,17,85,162,0,,mccarwa01,2004-2005
Walter McCarty,30,PHO,PF,28,0,353,33,85,0.388,25,65,0.385,8,20,0.400,0.535,7,14,0.500,8,53,61,11,10,6,19,59,98,0,,mccarwa01,2004-2005
Shandon Anderson,31,2TM,SF,66,5,1171,98,217,0.452,5,29,0.172,93,188,0.495,0.463,54,66,0.818,41,150,191,70,40,14,50,138,255,0,,andersh01,2004-2005
Shandon Anderson,31,NYK,SG,1,0,20,0,2,0.000,0,1,0.000,0,1,0.000,0.000,0,0,,1,0,1,0,0,0,1,2,0,0,,andersh01,2004-2005
Shandon Anderson,31,MIA,SF,65,5,1151,98,215,0.456,5,28,0.179,93,187,0.497,0.467,54,66,0.818,40,150,190,70,40,14,49,136,255,0,,andersh01,2004-2005
Calbert Cheaney,33,GSW,SG,55,5,951,113,265,0.426,0,3,0.000,113,262,0.431,0.426,24,37,0.649,32,92,124,64,17,15,35,95,250,0,,cheanca01,2004-2005
Francisco Elson,28,DEN,C,67,11,939,101,216,0.468,1,3,0.333,100,213,0.469,0.470,45,79,0.570,61,140,201,34,34,41,40,129,248,0,,elsonfr01,2004-2005
Tom Gugliotta,35,2TM,PF,47,9,966,99,241,0.411,8,26,0.308,91,215,0.423,0.427,33,43,0.767,56,135,191,68,41,17,57,104,239,0,,guglito01,2004-2005
Tom Gugliotta,35,BOS,PF,20,0,218,11,37,0.297,0,0,,11,37,0.297,0.297,4,6,0.667,15,28,43,12,9,4,9,23,26,0,,guglito01,2004-2005
Tom Gugliotta,35,ATL,PF,27,9,748,88,204,0.431,8,26,0.308,80,178,0.449,0.451,29,37,0.784,41,107,148,56,32,13,48,81,213,0,,guglito01,2004-2005
Žarko Čabarkapa,23,2TM,PF,40,0,475,86,177,0.486,13,36,0.361,73,141,0.518,0.523,53,65,0.815,35,67,102,25,10,5,30,59,238,0,,cabarza01,2004-2005
Žarko Čabarkapa,23,PHO,PF,3,0,11,4,7,0.571,0,0,,4,7,0.571,0.571,1,1,1.000,2,1,3,0,0,0,0,0,9,0,,cabarza01,2004-2005
Žarko Čabarkapa,23,GSW,PF,37,0,464,82,170,0.482,13,36,0.361,69,134,0.515,0.521,52,64,0.813,33,66,99,25,10,5,30,59,229,0,,cabarza01,2004-2005
Allan Houston,33,NYK,SG,20,11,532,85,205,0.415,31,80,0.388,54,125,0.432,0.490,36,43,0.837,4,19,23,42,8,2,21,40,237,0,,houstal01,2004-2005
John Salmons,25,PHI,SG,58,8,993,85,210,0.405,31,91,0.341,54,119,0.454,0.479,35,48,0.729,12,109,121,114,40,13,51,92,236,0,,salmojo01,2004-2005
Dahntay Jones,24,MEM,SG,52,7,649,83,190,0.437,23,60,0.383,60,130,0.462,0.497,44,64,0.688,11,58,69,21,13,11,29,81,233,0,,jonesda02,2004-2005
Brian Skinner,28,2TM,PF,49,23,941,104,205,0.507,0,1,0.000,104,204,0.510,0.507,25,70,0.357,107,173,280,43,31,49,40,102,233,0,,skinnbr01,2004-2005
Brian Skinner,28,PHI,PF,24,0,246,22,57,0.386,0,1,0.000,22,56,0.393,0.386,5,17,0.294,23,39,62,5,5,6,13,29,49,0,,skinnbr01,2004-2005
Brian Skinner,28,SAC,C,25,23,695,82,148,0.554,0,0,,82,148,0.554,0.554,20,53,0.377,84,134,218,38,26,43,27,73,184,0,,skinnbr01,2004-2005
Obinna Ekezie,29,ATL,C,42,31,732,79,182,0.434,0,1,0.000,79,181,0.436,0.434,72,93,0.774,69,110,179,11,22,12,45,129,230,0,,ekeziob01,2004-2005
Matt Carroll,24,CHA,SG,25,0,430,70,180,0.389,13,39,0.333,57,141,0.404,0.425,71,83,0.855,13,47,60,17,17,2,25,37,224,0,,carroma01,2004-2005
Shaun Livingston,19,LAC,PG,30,15,814,89,215,0.414,0,2,0.000,89,213,0.418,0.414,44,59,0.746,22,67,89,151,32,11,75,82,222,0,,livinsh01,2004-2005
Royal Ivey,23,ATL,PG,62,5,809,85,198,0.429,3,9,0.333,82,189,0.434,0.437,47,67,0.701,19,65,84,103,39,7,58,140,220,0,,iveyro01,2004-2005
Zoran Planinić,22,NJN,PG,43,8,515,78,174,0.448,15,40,0.375,63,134,0.470,0.491,46,66,0.697,19,50,69,44,25,0,41,76,217,0,,planizo01,2004-2005
Jarron Collins,26,UTA,C,50,38,961,65,157,0.414,0,1,0.000,65,156,0.417,0.414,83,119,0.697,57,107,164,61,11,6,34,146,213,0,,collija03,2004-2005
Jackson Vroman,23,2TM,C,46,18,705,82,199,0.412,0,3,0.000,82,196,0.418,0.412,48,75,0.640,64,111,175,40,25,19,64,105,212,0,,vromaja01,2004-2005
Jackson Vroman,23,PHO,PF,10,1,57,6,16,0.375,0,0,,6,16,0.375,0.375,4,7,0.571,5,8,13,7,3,2,7,11,16,0,,vromaja01,2004-2005
Jackson Vroman,23,NOH,C,36,17,648,76,183,0.415,0,3,0.000,76,180,0.422,0.415,44,68,0.647,59,103,162,33,22,17,57,94,196,0,,vromaja01,2004-2005
Shawn Bradley,32,DAL,C,77,14,885,84,186,0.452,0,0,,84,186,0.452,0.452,43,63,0.683,70,144,214,15,25,63,33,153,211,0,,bradlsh01,2004-2005
Jannero Pargo,25,CHI,PG,32,0,453,82,213,0.385,23,66,0.348,59,147,0.401,0.439,17,23,0.739,12,35,47,76,16,1,45,53,204,0,,pargoja01,2004-2005
Kenny Anderson,34,2TM,PG,43,20,743,85,201,0.423,6,13,0.462,79,188,0.420,0.438,27,37,0.730,24,64,88,103,33,0,49,87,203,0,,anderke01,2004-2005
Kenny Anderson,34,ATL,PG,39,20,717,81,190,0.426,6,13,0.462,75,177,0.424,0.442,27,37,0.730,23,60,83,98,33,0,46,81,195,0,,anderke01,2004-2005
Kenny Anderson,34,LAC,PG,4,0,26,4,11,0.364,0,0,,4,11,0.364,0.364,0,0,,1,4,5,5,0,0,3,6,8,0,,anderke01,2004-2005
Curtis Borchardt,24,UTA,C,67,23,859,74,172,0.430,0,0,,74,172,0.430,0.430,52,71,0.732,86,138,224,49,10,32,52,160,200,0,,borchcu01,2004-2005
Luke Walton,24,LAL,SF,61,5,768,74,180,0.411,16,61,0.262,58,119,0.487,0.456,34,48,0.708,55,87,142,93,26,11,58,70,198,0,,waltolu01,2004-2005
Rafael Araújo,24,TOR,C,59,41,736,76,175,0.434,1,3,0.333,75,172,0.436,0.437,43,55,0.782,59,126,185,16,21,8,52,157,196,0,,araujra01,2004-2005
Tony Massenburg,37,SAS,PF,61,6,699,74,182,0.407,0,0,,74,182,0.407,0.407,48,63,0.762,54,109,163,14,18,20,40,122,196,0,,masseto01,2004-2005
Malik Allen,26,2TM,PF,36,1,519,84,177,0.475,0,0,,84,177,0.475,0.475,26,28,0.929,40,59,99,18,9,22,18,53,194,0,,allenma01,2004-2005
Malik Allen,26,MIA,PF,14,0,248,35,76,0.461,0,0,,35,76,0.461,0.461,13,14,0.929,24,28,52,11,4,11,11,29,83,0,,allenma01,2004-2005
Malik Allen,26,CHA,PF,22,1,271,49,101,0.485,0,0,,49,101,0.485,0.485,13,14,0.929,16,31,47,7,5,11,7,24,111,0,,allenma01,2004-2005
Stacey Augmon,36,ORL,SF,55,7,663,68,167,0.407,0,0,,68,167,0.407,0.407,57,77,0.740,45,54,99,36,23,8,31,83,193,0,,augmost01,2004-2005
Steve Blake,24,WAS,PG,44,1,648,61,186,0.328,36,93,0.387,25,93,0.269,0.425,33,41,0.805,18,53,71,69,13,0,39,47,191,0,,blakest01,2004-2005
Scot Pollard,29,IND,C,49,17,865,79,167,0.473,0,0,,79,167,0.473,0.473,33,49,0.673,85,120,205,18,30,24,31,123,191,0,,pollasc01,2004-2005
David West,24,NOH,SF,30,8,552,75,172,0.436,2,5,0.400,73,167,0.437,0.442,34,50,0.680,40,89,129,23,12,16,37,62,186,0,,westda01,2004-2005
Damien Wilkins,25,SEA,SF,29,7,520,73,168,0.435,16,59,0.271,57,109,0.523,0.482,21,34,0.618,29,37,66,26,22,10,16,55,183,0,,wilkida02,2004-2005
Anthony Carter,29,MIN,PG,66,12,742,72,177,0.407,2,17,0.118,70,160,0.438,0.412,35,51,0.686,12,57,69,161,35,18,62,88,181,0,,cartean01,2004-2005
Loren Woods,26,TOR,C,45,30,712,71,164,0.433,0,1,0.000,71,163,0.436,0.433,34,59,0.576,81,139,220,17,8,39,37,78,176,0,,woodslo01,2004-2005
Delonte West,21,BOS,SG,39,7,507,66,155,0.426,24,67,0.358,42,88,0.477,0.503,19,27,0.704,14,51,65,53,21,8,24,69,175,0,,westde01,2004-2005
Metta World Peace,25,IND,SF,7,7,291,59,119,0.496,7,17,0.412,52,102,0.510,0.525,47,51,0.922,8,37,45,22,12,6,17,27,172,0,,artesro01,2004-2005
Anthony Goldwire,33,2TM,PG,33,2,537,57,136,0.419,32,80,0.400,25,56,0.446,0.537,26,31,0.839,10,49,59,78,15,0,15,32,172,0,,goldwan01,2004-2005
Anthony Goldwire,33,DET,PG,9,0,55,4,15,0.267,3,9,0.333,1,6,0.167,0.367,7,8,0.875,1,7,8,0,0,0,1,5,18,0,,goldwan01,2004-2005
Anthony Goldwire,33,MIL,PG,24,2,482,53,121,0.438,29,71,0.408,24,50,0.480,0.558,19,23,0.826,9,42,51,78,15,0,14,27,154,0,,goldwan01,2004-2005
Jabari Smith,27,NJN,PF,45,2,648,62,148,0.419,1,2,0.500,61,146,0.418,0.422,41,55,0.745,29,82,111,38,25,14,39,103,166,0,,smithja01,2004-2005
Stanislav Medvedenko,25,LAL,PF,43,4,423,71,156,0.455,0,1,0.000,71,155,0.458,0.455,23,28,0.821,31,48,79,13,9,2,13,64,165,0,,medvest01,2004-2005
Matt Barnes,24,SAC,SF,43,9,715,62,151,0.411,5,22,0.227,57,129,0.442,0.427,35,58,0.603,49,84,133,57,30,7,45,80,164,0,,barnema02,2004-2005
Richie Frahm,27,POR,SG,43,0,499,56,140,0.400,31,80,0.388,25,60,0.417,0.511,21,25,0.840,17,44,61,30,15,4,14,35,164,0,,frahmri01,2004-2005
George Lynch,34,NOH,SF,44,27,933,68,189,0.360,11,37,0.297,57,152,0.375,0.389,17,23,0.739,55,119,174,88,32,12,57,83,164,0,,lynchge01,2004-2005
Junior Harrington,24,NOH,SG,29,7,550,64,178,0.360,6,19,0.316,58,159,0.365,0.376,29,35,0.829,13,50,63,62,25,5,41,72,163,0,,harriju01,2004-2005
Raül López,24,UTA,PG,31,15,518,57,135,0.422,20,45,0.444,37,90,0.411,0.496,27,33,0.818,7,32,39,123,22,3,47,78,161,0,,lopezra01,2004-2005
Anthony Peeler,35,WAS,SG,40,0,529,56,150,0.373,25,65,0.385,31,85,0.365,0.457,16,18,0.889,14,51,65,57,18,2,28,39,153,0,,peelean01,2004-2005
Ronald Dupree,24,DET,SF,47,0,472,61,127,0.480,1,2,0.500,60,125,0.480,0.484,29,47,0.617,34,61,95,24,7,10,22,60,152,0,,duprero01,2004-2005
Aaron McKie,32,PHI,SG,68,3,1118,61,142,0.430,20,62,0.323,41,80,0.513,0.500,10,16,0.625,20,152,172,103,48,17,31,116,152,0,,mckieaa01,2004-2005
Adrian Griffin,30,CHI,SF,69,1,667,58,161,0.360,2,9,0.222,56,152,0.368,0.366,33,44,0.750,52,94,146,53,43,4,30,78,151,0,,griffad01,2004-2005
Kendrick Perkins,20,BOS,C,60,3,548,56,119,0.471,0,0,,56,119,0.471,0.471,37,58,0.638,53,123,176,21,9,37,43,98,149,0,,perkike01,2004-2005
Ron Mercer,28,NJN,SF,18,3,390,65,158,0.411,0,3,0.000,65,155,0.419,0.411,7,10,0.700,9,31,40,20,16,2,14,20,137,0,,mercero01,2004-2005
Laron Profit,27,WAS,SF,42,4,428,56,128,0.438,8,28,0.286,48,100,0.480,0.469,16,25,0.640,24,52,76,37,16,5,27,44,136,0,,profila01,2004-2005
Viktor Khryapa,22,POR,SF,32,5,523,54,124,0.435,4,11,0.364,50,113,0.442,0.452,23,42,0.548,28,80,108,25,20,18,33,80,135,0,,khryavi01,2004-2005
Kevin Martin,21,SAC,PG,45,0,455,45,117,0.385,5,25,0.200,40,92,0.435,0.406,36,55,0.655,29,29,58,22,16,3,24,35,131,0,,martike02,2004-2005
Donta Smith,21,ATL,SG,38,0,433,44,113,0.389,6,22,0.273,38,91,0.418,0.416,33,48,0.688,19,33,52,39,23,5,25,50,127,0,,smithdo04,2004-2005
Calvin Booth,28,2TM,C,51,1,451,49,108,0.454,0,1,0.000,49,107,0.458,0.454,26,32,0.813,29,78,107,8,15,28,16,78,124,0,,boothca01,2004-2005
Calvin Booth,28,DAL,C,34,1,262,34,79,0.430,0,1,0.000,34,78,0.436,0.430,14,16,0.875,16,42,58,4,11,16,8,55,82,0,,boothca01,2004-2005
Calvin Booth,28,MIL,C,17,0,189,15,29,0.517,0,0,,15,29,0.517,0.517,12,16,0.750,13,36,49,4,4,12,8,23,42,0,,boothca01,2004-2005
Clarence Weatherspoon,34,HOU,PF,40,18,525,47,114,0.412,0,0,,47,114,0.412,0.412,29,35,0.829,35,87,122,17,9,6,15,74,123,0,,weathcl01,2004-2005
Elden Campbell,36,2TM,C,40,1,390,39,123,0.317,0,2,0.000,39,121,0.322,0.317,42,55,0.764,28,65,93,19,8,7,29,57,120,0,,campbel01,2004-2005
Elden Campbell,36,NJN,C,10,0,50,0,7,0.000,0,0,,0,7,0.000,0.000,2,4,0.500,3,8,11,3,0,1,1,10,2,0,,campbel01,2004-2005
Elden Campbell,36,DET,C,30,1,340,39,116,0.336,0,2,0.000,39,114,0.342,0.336,40,51,0.784,25,57,82,16,8,6,28,47,118,0,,campbel01,2004-2005
Mario Kasun,24,ORL,C,45,0,356,47,98,0.480,0,1,0.000,47,97,0.485,0.480,24,43,0.558,52,76,128,8,8,13,26,86,118,0,,kasunma01,2004-2005
Andre Barrett,22,2TM,PG,38,1,483,45,124,0.363,14,52,0.269,31,72,0.431,0.419,14,19,0.737,11,29,40,69,19,1,27,51,118,0,,barrean01,2004-2005
Andre Barrett,22,HOU,PG,27,0,314,20,69,0.290,9,37,0.243,11,32,0.344,0.355,7,10,0.700,5,14,19,42,14,0,16,35,56,0,,barrean01,2004-2005
Andre Barrett,22,ORL,PG,11,1,169,25,55,0.455,5,15,0.333,20,40,0.500,0.500,7,9,0.778,6,15,21,27,5,1,11,16,62,0,,barrean01,2004-2005
Josh Davis,24,PHI,PF,42,5,328,42,111,0.378,19,53,0.358,23,58,0.397,0.464,14,17,0.824,29,50,79,12,8,4,15,45,117,0,,davisjo02,2004-2005
Vitaly Potapenko,29,SEA,C,33,1,335,45,87,0.517,0,1,0.000,45,86,0.523,0.517,27,31,0.871,30,48,78,9,7,3,12,53,117,0,,potapvi01,2004-2005
Carlos Delfino,22,DET,SG,30,4,459,42,117,0.359,9,35,0.257,33,82,0.402,0.397,23,40,0.575,13,42,55,38,22,6,23,44,116,0,,delfica01,2004-2005
Maciej Lampe,19,2TM,C,37,0,380,49,132,0.371,2,4,0.500,47,128,0.367,0.379,15,22,0.682,24,65,89,11,5,7,17,51,115,0,,lampema01,2004-2005
Maciej Lampe,19,PHO,C,16,0,119,17,49,0.347,2,3,0.667,15,46,0.326,0.367,8,12,0.667,9,23,32,1,1,2,10,20,44,0,,lampema01,2004-2005
Maciej Lampe,19,NOH,C,21,0,261,32,83,0.386,0,1,0.000,32,82,0.390,0.386,7,10,0.700,15,42,57,10,4,5,7,31,71,0,,lampema01,2004-2005
Ryan Bowen,29,HOU,SF,66,6,604,47,111,0.423,3,6,0.500,44,105,0.419,0.437,14,21,0.667,21,55,76,18,23,5,7,61,111,0,,bowenry01,2004-2005
Lionel Chalmers,24,LAC,PG,36,0,433,42,125,0.336,12,49,0.245,30,76,0.395,0.384,15,24,0.625,4,27,31,51,13,0,24,30,111,0,,chalmli01,2004-2005
Michael Ruffin,28,WAS,C,79,7,1262,41,99,0.414,0,1,0.000,41,98,0.418,0.414,29,67,0.433,157,175,332,64,43,41,44,193,111,0,,ruffimi01,2004-2005
John Thomas,29,MIN,C,44,8,521,42,86,0.488,0,0,,42,86,0.488,0.488,27,46,0.587,39,58,97,17,15,13,18,82,111,0,,thomajo02,2004-2005
Devean George,27,LAL,SF,15,3,306,37,104,0.356,21,58,0.362,16,46,0.348,0.457,15,20,0.750,13,40,53,14,8,2,12,32,110,0,,georgde01,2004-2005
Andris Biedriņš,18,GSW,C,30,1,384,45,78,0.577,0,1,0.000,45,77,0.584,0.577,19,40,0.475,47,71,118,12,12,24,12,87,109,0,,biedran01,2004-2005
Theron Smith,24,CHA,SF,33,5,510,44,136,0.324,3,12,0.250,41,124,0.331,0.335,14,16,0.875,39,77,116,28,6,4,27,58,105,0,,smithth01,2004-2005
Ryan Humphrey,25,MEM,SF,35,0,317,42,103,0.408,0,2,0.000,42,101,0.416,0.408,18,37,0.486,50,37,87,6,10,1,23,35,102,0,,humphry01,2004-2005
Sasha Vujačić,20,LAL,SG,35,3,403,33,117,0.282,17,63,0.270,16,54,0.296,0.355,18,19,0.947,13,49,62,51,12,2,15,41,101,0,,vujacsa01,2004-2005
Ben Handlogten,31,UTA,C,21,5,297,43,83,0.518,0,1,0.000,43,82,0.524,0.518,9,17,0.529,23,42,65,13,7,5,18,55,95,0,,handlbe01,2004-2005
Brandon Hunter,24,ORL,PF,31,0,224,37,73,0.507,0,0,,37,73,0.507,0.507,21,39,0.538,25,44,69,3,4,7,22,42,95,0,,huntebr01,2004-2005
Matt Freije,23,NOH,PF,23,11,441,37,127,0.291,14,54,0.259,23,73,0.315,0.346,5,8,0.625,16,45,61,20,13,2,17,40,93,0,,freijma01,2004-2005
Bernard Robinson,24,CHA,SG,31,1,328,36,81,0.444,3,8,0.375,33,73,0.452,0.463,18,26,0.692,14,34,48,30,11,4,20,42,93,0,,robinbe01,2004-2005
Billy Thomas,29,NJN,SF,25,0,356,34,94,0.362,17,56,0.304,17,38,0.447,0.452,7,9,0.778,7,29,36,17,14,1,9,29,92,0,,thomabi01,2004-2005
Glenn Robinson,32,SAS,SF,9,0,157,34,77,0.442,2,6,0.333,32,71,0.451,0.455,20,23,0.870,4,20,24,8,4,3,7,19,90,0,,robingl01,2004-2005
Moochie Norris,31,2TM,PG,38,0,360,35,109,0.321,0,12,0.000,35,97,0.361,0.321,20,24,0.833,10,36,46,39,18,2,27,44,90,0,,norrimo01,2004-2005
Moochie Norris,31,NYK,PG,32,0,321,32,93,0.344,0,12,0.000,32,81,0.395,0.344,18,22,0.818,9,33,42,34,17,2,25,42,82,0,,norrimo01,2004-2005
Moochie Norris,31,HOU,PG,6,0,39,3,16,0.188,0,0,,3,16,0.188,0.188,2,2,1.000,1,3,4,5,1,0,2,2,8,0,,norrimo01,2004-2005
Mark Madsen,29,MIN,C,41,14,601,34,66,0.515,0,0,,34,66,0.515,0.515,20,40,0.500,63,65,128,18,7,14,24,103,88,0,,madsema01,2004-2005
Greg Ostertag,31,SAC,C,56,3,556,37,84,0.440,0,2,0.000,37,82,0.451,0.440,13,38,0.342,55,112,167,37,7,40,24,88,87,0,,ostergr01,2004-2005
Kevin Willis,42,ATL,C,29,5,344,35,90,0.389,0,2,0.000,35,88,0.398,0.389,17,23,0.739,29,47,76,9,8,7,15,53,87,0,,willike02,2004-2005
Kendall Gill,36,MIL,SG,14,0,284,32,80,0.400,3,9,0.333,29,71,0.408,0.419,18,20,0.900,11,26,37,27,14,4,9,37,85,0,,gillke01,2004-2005
Mike Wilks,25,SAS,PG,48,0,278,32,77,0.416,5,16,0.313,27,61,0.443,0.448,12,16,0.750,4,21,25,33,14,1,14,26,81,0,,wilksmi01,2004-2005
Jake Voskuhl,27,PHO,C,38,1,360,27,59,0.458,0,0,,27,59,0.458,0.458,26,38,0.684,30,62,92,17,4,11,20,60,80,0,,voskuja01,2004-2005
Jamal Sampson,21,CHA,PF,23,0,329,28,62,0.452,0,0,,28,62,0.452,0.452,23,39,0.590,36,86,122,8,4,17,17,53,79,0,,sampsja01,2004-2005
Jake Tsakalidis,25,MEM,C,31,1,278,32,64,0.500,0,0,,32,64,0.500,0.500,14,18,0.778,21,35,56,10,3,16,12,42,78,0,,tsakaja01,2004-2005
Sean Marks,29,SAS,PF,23,0,244,27,80,0.338,0,3,0.000,27,77,0.351,0.338,22,28,0.786,18,38,56,8,3,11,14,29,76,0,,marksse01,2004-2005
Charlie Ward,34,HOU,PG,14,13,360,24,77,0.312,16,51,0.314,8,26,0.308,0.416,11,13,0.846,6,33,39,43,15,0,18,22,75,0,,wardch01,2004-2005
Antonio Burks,24,MEM,PG,24,0,219,28,60,0.467,3,11,0.273,25,49,0.510,0.492,14,19,0.737,1,11,12,28,13,1,12,25,73,0,,burksan01,2004-2005
Ervin Johnson,37,MIN,C,46,23,410,28,54,0.519,1,1,1.000,27,53,0.509,0.528,16,25,0.640,43,70,113,6,7,13,18,86,73,0,,johnser02,2004-2005
Aaron Williams,33,2TM,C,42,4,315,29,63,0.460,0,0,,29,63,0.460,0.460,15,17,0.882,17,43,60,8,5,8,17,70,73,0,,williaa01,2004-2005
Aaron Williams,33,NJN,C,19,0,150,14,27,0.519,0,0,,14,27,0.519,0.519,9,10,0.900,7,24,31,6,4,5,11,25,37,0,,williaa01,2004-2005
Aaron Williams,33,TOR,C,23,4,165,15,36,0.417,0,0,,15,36,0.417,0.417,6,7,0.857,10,19,29,2,1,3,6,45,36,0,,williaa01,2004-2005
Kerry Kittles,30,LAC,SG,11,0,243,28,73,0.384,7,21,0.333,21,52,0.404,0.432,6,10,0.600,1,31,32,20,8,3,7,12,69,0,,kittlke01,2004-2005
Darko Miličić,19,DET,C,37,2,254,25,76,0.329,0,0,,25,76,0.329,0.329,17,24,0.708,3,40,43,7,2,17,16,31,67,0,,milicda01,2004-2005
Randy Livingston,29,UTA,PG,17,4,227,22,52,0.423,5,8,0.625,17,44,0.386,0.471,15,17,0.882,3,9,12,45,12,2,14,28,64,0,,livinra01,2004-2005
Pape Sow,23,TOR,C,27,4,255,23,58,0.397,0,0,,23,58,0.397,0.397,16,27,0.593,18,39,57,2,12,4,10,46,62,0,,sowpa01,2004-2005
Damone Brown,25,WAS,SF,14,0,152,23,62,0.371,4,11,0.364,19,51,0.373,0.403,4,9,0.444,10,18,28,14,1,6,15,17,54,0,,brownda02,2004-2005
Zendon Hamilton,29,MIL,C,16,0,159,11,32,0.344,0,0,,11,32,0.344,0.344,29,48,0.604,18,24,42,6,5,2,12,26,51,0,,hamilze01,2004-2005
Nikoloz Tskitishvili,21,2TM,PF,35,0,220,22,74,0.297,2,17,0.118,20,57,0.351,0.311,4,7,0.571,12,29,41,10,8,11,19,33,50,0,,tskitni01,2004-2005
Nikoloz Tskitishvili,21,DEN,PF,23,0,158,15,51,0.294,0,7,0.000,15,44,0.341,0.294,4,7,0.571,11,18,29,4,8,8,14,24,34,0,,tskitni01,2004-2005
Nikoloz Tskitishvili,21,GSW,PF,12,0,62,7,23,0.304,2,10,0.200,5,13,0.385,0.348,0,0,,1,11,12,6,0,3,5,9,16,0,,tskitni01,2004-2005
Cory Alexander,31,CHA,SG,16,1,201,16,49,0.327,8,19,0.421,8,30,0.267,0.408,9,12,0.750,8,21,29,37,9,1,19,29,49,0,,alexaco01,2004-2005
Ansu Sesay,28,GSW,SF,16,0,128,17,42,0.405,2,8,0.250,15,34,0.441,0.429,13,24,0.542,18,20,38,12,2,3,8,16,49,0,,sesayan01,2004-2005
Smush Parker,23,2TM,PG,16,1,144,18,43,0.419,3,13,0.231,15,30,0.500,0.453,9,13,0.692,4,8,12,15,5,0,19,16,48,0,,parkesm01,2004-2005
Smush Parker,23,DET,PG,11,1,110,11,28,0.393,2,9,0.222,9,19,0.474,0.429,9,13,0.692,2,7,9,11,3,0,10,13,33,0,,parkesm01,2004-2005
Smush Parker,23,PHO,PG,5,0,34,7,15,0.467,1,4,0.250,6,11,0.545,0.500,0,0,,2,1,3,4,2,0,9,3,15,0,,parkesm01,2004-2005
Darvin Ham,31,DET,SF,47,0,275,17,37,0.459,0,0,,17,37,0.459,0.459,12,31,0.387,19,16,35,5,6,7,8,39,46,0,,hamda01,2004-2005
Alex Garcia,24,NOH,SG,8,3,146,18,52,0.346,5,18,0.278,13,34,0.382,0.394,3,4,0.750,7,8,15,18,4,1,8,15,44,0,,garcial01,2004-2005
Dajuan Wagner,21,CLE,SG,11,0,102,18,55,0.327,5,26,0.192,13,29,0.448,0.373,3,4,0.750,0,2,2,13,5,0,9,15,44,0,,wagneda02,2004-2005
Wang Zhizhi,27,MIA,C,20,0,92,17,36,0.472,2,3,0.667,15,33,0.455,0.500,7,12,0.583,6,12,18,5,3,2,5,9,43,0,,zhizhwa01,2004-2005
Jermaine Jackson,28,NYK,SG,21,0,230,17,33,0.515,0,2,0.000,17,31,0.548,0.515,8,13,0.615,3,20,23,24,7,1,10,26,42,0,,jacksje01,2004-2005
Horace Jenkins,30,DET,PG,15,0,104,15,45,0.333,0,9,0.000,15,36,0.417,0.333,12,13,0.923,3,6,9,9,5,1,7,6,42,0,,jenkiho01,2004-2005
Darrick Martin,33,LAC,PG,11,0,190,16,50,0.320,5,18,0.278,11,32,0.344,0.370,5,8,0.625,3,7,10,28,6,0,6,19,42,0,,martida01,2004-2005
Jahidi White,28,CHA,C,17,0,135,14,31,0.452,0,0,,14,31,0.452,0.452,14,40,0.350,11,23,34,1,2,12,11,31,42,0,,whiteja01,2004-2005
Justin Reed,23,BOS,SF,23,0,121,15,29,0.517,0,3,0.000,15,26,0.577,0.517,11,15,0.733,8,8,16,10,3,1,5,12,41,0,,reedju01,2004-2005
Reece Gaines,24,2TM,PG,21,0,187,17,50,0.340,4,14,0.286,13,36,0.361,0.380,3,4,0.750,1,13,14,7,5,1,7,17,41,0,,gainere01,2004-2005
Reece Gaines,24,HOU,PG,10,0,108,10,27,0.370,3,12,0.250,7,15,0.467,0.426,3,4,0.750,0,11,11,3,3,0,4,12,26,0,,gainere01,2004-2005
Reece Gaines,24,MIL,PG,11,0,79,7,23,0.304,1,2,0.500,6,21,0.286,0.326,0,0,,1,2,3,4,2,1,3,5,15,0,,gainere01,2004-2005
DeSagana Diop,23,CLE,C,39,0,306,20,69,0.290,0,2,0.000,20,67,0.299,0.290,0,5,0.000,30,40,70,15,8,27,12,53,40,0,,diopde01,2004-2005
Jonathan Bender,24,IND,SF,7,0,93,16,40,0.400,1,5,0.200,15,35,0.429,0.413,3,6,0.500,5,9,14,4,1,2,10,9,36,0,,bendejo01,2004-2005
Vin Baker,33,2TM,C,27,0,204,13,42,0.310,0,1,0.000,13,41,0.317,0.310,9,17,0.529,17,22,39,10,2,4,17,38,35,0,,bakervi01,2004-2005
Vin Baker,33,NYK,PF,24,0,191,13,38,0.342,0,1,0.000,13,37,0.351,0.342,7,15,0.467,17,20,37,9,2,4,15,31,33,0,,bakervi01,2004-2005
Vin Baker,33,HOU,C,3,0,13,0,4,0.000,0,0,,0,4,0.000,0.000,2,2,1.000,0,2,2,1,0,0,2,7,2,0,,bakervi01,2004-2005
Luis Flores,23,2TM,PG,16,0,77,14,29,0.483,5,10,0.500,9,19,0.474,0.569,2,2,1.000,1,2,3,11,2,0,11,9,35,0,,florelu01,2004-2005
Luis Flores,23,GSW,PG,15,0,73,13,27,0.481,4,9,0.444,9,18,0.500,0.556,2,2,1.000,0,2,2,11,2,0,11,9,32,0,,florelu01,2004-2005
Luis Flores,23,DEN,PG,1,0,4,1,2,0.500,1,1,1.000,0,1,0.000,0.750,0,0,,1,0,1,0,0,0,0,0,3,0,,florelu01,2004-2005
Vlade Divac,36,LAL,C,15,0,130,13,31,0.419,0,0,,13,31,0.419,0.419,8,12,0.667,18,14,32,19,4,1,14,25,34,0,,divacvl01,2004-2005
Scott Williams,36,CLE,C,19,0,152,12,41,0.293,0,1,0.000,12,40,0.300,0.293,9,11,0.818,15,15,30,8,4,6,5,30,33,0,,willisc01,2004-2005
Michael Bradley,25,3TM,PF,18,0,119,15,24,0.625,0,1,0.000,15,23,0.652,0.625,3,8,0.375,8,20,28,5,1,2,5,12,33,0,,bradlmi01,2004-2005
Michael Bradley,25,ORL,PF,8,0,55,3,7,0.429,0,0,,3,7,0.429,0.429,0,0,,3,11,14,2,1,2,1,4,6,0,,bradlmi01,2004-2005
Michael Bradley,25,SAC,PF,8,0,48,8,12,0.667,0,0,,8,12,0.667,0.667,2,6,0.333,5,6,11,2,0,0,3,8,18,0,,bradlmi01,2004-2005
Michael Bradley,25,PHI,PF,2,0,16,4,5,0.800,0,1,0.000,4,4,1.000,0.800,1,2,0.500,0,3,3,1,0,0,1,0,9,0,,bradlmi01,2004-2005
Marcus Haislip,24,IND,PF,9,0,106,13,38,0.342,0,1,0.000,13,37,0.351,0.342,6,11,0.545,5,10,15,3,2,2,6,15,32,0,,haislma01,2004-2005
Jamison Brewer,24,NYK,PG,18,0,185,11,37,0.297,3,15,0.200,8,22,0.364,0.338,6,13,0.462,6,16,22,12,8,1,13,11,31,0,,breweja01,2004-2005
Michael Curry,36,IND,SF,18,7,249,13,29,0.448,0,0,,13,29,0.448,0.448,4,8,0.500,8,19,27,15,5,4,5,39,30,0,,currymi01,2004-2005
John Edwards,23,IND,C,25,1,139,11,30,0.367,0,0,,11,30,0.367,0.367,7,14,0.500,8,11,19,3,3,4,8,12,29,0,,edwarjo01,2004-2005
Luke Jackson,23,CLE,SF,10,0,43,10,27,0.370,4,6,0.667,6,21,0.286,0.444,5,6,0.833,2,4,6,3,0,0,2,4,29,0,,jackslu02,2004-2005
Voshon Lenard,31,DEN,SG,3,1,54,10,26,0.385,4,12,0.333,6,14,0.429,0.462,5,8,0.625,0,6,6,6,1,0,2,2,29,0,,lenarvo01,2004-2005
Bo Outlaw,33,PHO,PF,39,0,214,12,34,0.353,0,0,,12,34,0.353,0.353,5,9,0.556,16,37,53,13,6,12,8,29,29,0,,outlabo01,2004-2005
Kevin Ollie,32,PHI,PG,26,0,158,11,31,0.355,0,0,,11,31,0.355,0.355,6,9,0.667,3,16,19,19,5,0,6,16,28,0,,ollieke01,2004-2005
Tamar Slay,24,CHA,SG,8,0,78,13,39,0.333,2,12,0.167,11,27,0.407,0.359,0,2,0.000,6,8,14,3,5,0,8,20,28,0,,slayta01,2004-2005
Rod Strickland,38,HOU,PG,16,2,196,9,43,0.209,1,2,0.500,8,41,0.195,0.221,9,10,0.900,3,24,27,39,3,2,16,15,28,0,,stricro02,2004-2005
Jérôme Moïso,26,3TM,PF,20,1,120,9,18,0.500,0,1,0.000,9,17,0.529,0.500,10,13,0.769,10,27,37,1,3,6,7,13,28,0,,moisoje01,2004-2005
Jérôme Moïso,26,TOR,C,8,1,69,3,9,0.333,0,1,0.000,3,8,0.375,0.333,8,9,0.889,6,17,23,0,2,3,6,7,14,0,,moisoje01,2004-2005
Jérôme Moïso,26,NJN,C,8,0,24,3,4,0.750,0,0,,3,4,0.750,0.750,2,4,0.500,3,4,7,0,0,1,1,2,8,0,,moisoje01,2004-2005
Jérôme Moïso,26,CLE,PF,4,0,27,3,5,0.600,0,0,,3,5,0.600,0.600,0,0,,1,6,7,1,1,2,0,4,6,0,,moisoje01,2004-2005
Ndudi Ebi,20,MIN,SG,2,0,54,11,21,0.524,0,1,0.000,11,20,0.550,0.524,5,9,0.556,6,10,16,1,1,1,3,7,27,0,,ebind01,2004-2005
Corsley Edwards,25,NOH,C,10,0,110,10,31,0.323,0,0,,10,31,0.323,0.323,7,12,0.583,12,13,25,3,3,4,2,19,27,0,,edwarco01,2004-2005
Ha Seung-Jin,19,POR,C,19,0,104,10,23,0.435,0,0,,10,23,0.435,0.435,6,11,0.545,6,12,18,2,1,5,12,21,26,0,,seungha01,2004-2005
James Thomas,24,2TM,PF,11,2,117,12,20,0.600,0,0,,12,20,0.600,0.600,2,6,0.333,17,20,37,4,4,4,7,13,26,0,,thomaja02,2004-2005
James Thomas,24,POR,PF,9,2,112,11,18,0.611,0,0,,11,18,0.611,0.611,2,6,0.333,15,20,35,4,4,4,7,12,24,0,,thomaja02,2004-2005
James Thomas,24,ATL,PF,2,0,5,1,2,0.500,0,0,,1,2,0.500,0.500,0,0,,2,0,2,0,0,0,0,1,2,0,,thomaja02,2004-2005
Dion Glover,26,SAS,SG,7,0,68,8,22,0.364,1,8,0.125,7,14,0.500,0.386,8,10,0.800,3,8,11,4,3,3,2,9,25,0,,glovedi01,2004-2005
Michael Stewart,29,ATL,PF,12,1,145,11,21,0.524,0,0,,11,21,0.524,0.524,3,7,0.429,21,19,40,5,6,5,6,32,25,0,,stewami01,2004-2005
Bruno Šundov,24,NYK,C,21,0,73,11,37,0.297,1,3,0.333,10,34,0.294,0.311,2,2,1.000,6,7,13,2,2,2,6,16,25,0,,sundobr01,2004-2005
Samaki Walker,28,WAS,PF,14,0,134,11,31,0.355,0,0,,11,31,0.355,0.355,2,3,0.667,8,10,18,4,3,7,8,25,24,0,,walkesa01,2004-2005
Omar Cook,23,TOR,PG,5,0,74,10,24,0.417,0,4,0.000,10,20,0.500,0.417,3,6,0.500,2,5,7,22,6,1,6,6,23,0,,cookom01,2004-2005
Mark Jones,29,ORL,SF,10,0,116,9,31,0.290,0,4,0.000,9,27,0.333,0.290,5,10,0.500,6,7,13,6,5,2,3,16,23,0,,jonesma03,2004-2005
Daniel Santiago,28,MIL,C,11,0,105,7,21,0.333,0,0,,7,21,0.333,0.333,8,11,0.727,6,13,19,1,3,4,4,28,22,0,,santida01,2004-2005
Jared Reiner,22,CHI,C,19,2,132,10,30,0.333,0,0,,10,30,0.333,0.333,1,4,0.250,13,25,38,1,3,7,9,35,21,0,,reineja01,2004-2005
Mamadou N'Diaye,29,LAC,C,11,0,72,8,20,0.400,0,1,0.000,8,19,0.421,0.400,4,7,0.571,9,9,18,1,1,5,0,20,20,0,,ndiayma02,2004-2005
Tremaine Fowlkes,28,IND,SF,8,0,56,9,17,0.529,1,3,0.333,8,14,0.571,0.559,0,2,0.000,3,5,8,0,2,0,5,7,19,0,,fowlktr01,2004-2005
Aleksandar Radojević,28,UTA,C,12,6,128,6,19,0.316,0,0,,6,19,0.316,0.316,7,10,0.700,9,19,28,6,0,2,15,32,19,0,,radojal01,2004-2005
D.J. Mbenga,24,DAL,C,15,1,58,6,14,0.429,0,0,,6,14,0.429,0.429,3,4,0.750,3,5,8,0,0,5,5,13,15,0,,mbengdj01,2004-2005
Jelani McCoy,27,ATL,C,10,0,88,7,13,0.538,0,0,,7,13,0.538,0.538,1,5,0.200,7,14,21,0,3,8,6,24,15,0,,mccoyje01,2004-2005
Robert Swift,19,SEA,C,16,0,72,5,11,0.455,0,0,,5,11,0.455,0.455,5,9,0.556,1,4,5,2,1,7,4,16,15,0,,swiftro01,2004-2005
Mateen Cleaves,27,SEA,PG,14,0,65,5,14,0.357,0,2,0.000,5,12,0.417,0.357,3,4,0.750,2,4,6,7,2,0,2,2,13,0,,cleavma01,2004-2005
Erik Daniels,22,SAC,SF,21,0,72,6,18,0.333,1,2,0.500,5,16,0.313,0.361,0,0,,7,11,18,4,2,0,6,7,13,0,,danieer01,2004-2005
Kaniel Dickens,26,NJN,SF,11,0,61,4,14,0.286,3,9,0.333,1,5,0.200,0.393,2,2,1.000,3,6,9,1,2,1,2,5,13,0,,dickeka01,2004-2005
Kedrick Brown,23,PHI,SF,8,0,55,2,6,0.333,0,3,0.000,2,3,0.667,0.333,8,10,0.800,1,10,11,4,3,1,5,4,12,0,,brownke01,2004-2005
Britton Johnsen,25,IND,SF,6,1,87,6,22,0.273,0,4,0.000,6,18,0.333,0.273,0,0,,5,5,10,4,1,0,3,10,12,0,,johnsbr01,2004-2005
Paul Shirley,27,PHO,PF,9,0,30,5,11,0.455,0,0,,5,11,0.455,0.455,2,4,0.500,1,1,2,3,0,0,1,3,12,0,,shirlpa01,2004-2005
Peter John Ramos,19,WAS,C,6,0,20,5,10,0.500,0,0,,5,10,0.500,0.500,1,2,0.500,1,3,4,0,0,1,3,4,11,0,,ramospe01,2004-2005
Jackie Butler,19,NYK,C,3,0,5,4,4,1.000,0,0,,4,4,1.000,1.000,2,2,1.000,0,0,0,0,1,0,1,0,10,0,,butleja01,2004-2005
Qyntel Woods,23,MIA,SF,3,0,40,5,12,0.417,0,0,,5,12,0.417,0.417,0,0,,2,4,6,0,4,0,2,6,10,0,,woodsqy01,2004-2005
Derrick Coleman,37,DET,C,5,0,50,3,14,0.214,0,2,0.000,3,12,0.250,0.214,3,3,1.000,3,12,15,0,0,0,2,6,9,0,,colemde01,2004-2005
Andrew DeClercq,31,ORL,C,8,0,49,4,9,0.444,0,0,,4,9,0.444,0.444,1,3,0.333,7,3,10,0,2,0,1,14,9,0,,declean01,2004-2005
Lawrence Funderburke,34,CHI,PF,2,0,21,3,6,0.500,0,0,,3,6,0.500,0.500,3,5,0.600,1,2,3,0,0,0,0,2,9,0,,fundela01,2004-2005
Geno Carlisle,28,POR,SG,6,0,16,2,3,0.667,0,0,,2,3,0.667,0.667,4,6,0.667,1,0,1,1,0,0,1,1,8,0,,carlige01,2004-2005
Donnell Harvey,24,NJN,PF,3,0,16,2,2,1.000,0,0,,2,2,1.000,1.000,4,4,1.000,2,5,7,1,1,1,1,2,8,0,,harvedo01,2004-2005
Awvee Storey,27,NJN,SG,9,0,32,3,10,0.300,1,2,0.500,2,8,0.250,0.350,1,2,0.500,4,1,5,1,0,0,0,3,8,0,,storeaw01,2004-2005
Andre Emmett,22,MEM,SG,8,0,28,2,6,0.333,0,0,,2,6,0.333,0.333,3,5,0.600,0,2,2,0,0,0,1,4,7,0,,emmetan01,2004-2005
Yuta Tabuse,24,PHO,PG,4,0,17,1,6,0.167,1,1,1.000,0,5,0.000,0.250,4,4,1.000,2,2,4,3,0,0,1,1,7,0,,tabusyu01,2004-2005
Dorell Wright,19,MIA,SF,3,0,27,3,11,0.273,0,4,0.000,3,7,0.429,0.273,1,1,1.000,0,1,1,3,4,0,3,2,7,0,,wrighdo01,2004-2005
Lonny Baxter,26,NOH,PF,4,0,36,3,11,0.273,0,0,,3,11,0.273,0.273,0,2,0.000,4,4,8,0,0,0,4,10,6,0,,baxtelo01,2004-2005
Torraye Braggs,28,HOU,PF,7,0,24,3,7,0.429,0,0,,3,7,0.429,0.429,0,0,,7,5,12,0,0,0,2,4,6,0,,braggto01,2004-2005
Frank Williams,24,CHI,SG,9,0,71,3,20,0.150,0,4,0.000,3,16,0.188,0.150,0,0,,2,4,6,11,2,3,3,9,6,0,,willifr02,2004-2005
Tony Bobbitt,25,LAL,SG,2,0,12,2,5,0.400,1,2,0.500,1,3,0.333,0.500,0,0,,0,3,3,0,0,0,0,1,5,0,,bobbito01,2004-2005
Anthony Miller,33,ATL,PF,2,0,9,2,3,0.667,0,0,,2,3,0.667,0.667,0,0,,0,1,1,1,1,0,1,2,4,0,,millean01,2004-2005
Mark Pope,32,DEN,PF,9,0,27,2,6,0.333,0,0,,2,6,0.333,0.333,0,0,,5,3,8,1,1,2,1,5,4,0,,popema01,2004-2005
Kirk Penney,24,LAC,SG,4,0,12,1,3,0.333,0,1,0.000,1,2,0.500,0.333,0,0,,0,1,1,1,0,0,2,0,2,0,,penneki01,2004-2005
Pavel Podkolzin,20,DAL,C,5,0,10,0,0,,0,0,,0,0,,,1,2,0.500,0,2,2,0,0,0,2,4,1,0,,podkopa01,2004-2005
Maurice Baker,25,2TM,PG,5,0,19,0,1,0.000,0,0,,0,1,0.000,0.000,0,0,,1,1,2,1,1,0,1,3,0,0,,bakerma01,2004-2005
Maurice Baker,25,LAC,PG,1,0,1,0,0,,0,0,,0,0,,,0,0,,0,0,0,0,0,0,0,0,0,0,,bakerma01,2004-2005
Maurice Baker,25,POR,PG,4,0,18,0,1,0.000,0,0,,0,1,0.000,0.000,0,0,,1,1,2,1,1,0,1,3,0,0,,bakerma01,2004-2005
Linton Johnson,24,SAS,SF,2,0,15,0,2,0.000,0,1,0.000,0,1,0.000,0.000,0,0,,0,3,3,0,1,0,1,1,0,0,,johnsli01,2004-2005
Brandin Knight,23,HOU,PG,1,0,3,0,1,0.000,0,0,,0,1,0.000,0.000,0,0,,0,0,0,1,0,0,0,0,0,0,,knighbr02,2004-2005
Ibo Kutluay,30,SEA,SG,5,0,12,0,1,0.000,0,0,,0,1,0.000,0.000,0,0,,0,1,1,0,0,0,2,1,0,0,,kutluib01,2004-2005
League Average,,,,,,,,,0.447,,,0.356,,,0.470,0.482,,,0.756,,,,,,,,,,,,-9999,2004-2005
