Player,Age,Team,Pos,G,GS,MP,PER,TS%,3PAr,FTr,ORB%,DRB%,TRB%,AST%,STL%,BLK%,TOV%,USG%,OWS,DWS,WS,WS/48,OBPM,DBPM,BPM,VORP,Awards,Player-additional
Bradley Beal,25,WAS,SG,82,82,3028,20.8,0.581,0.370,0.278,3.1,11.7,7.4,24.1,1.9,1.6,11.0,28.4,5.9,1.7,7.6,0.120,3.8,-0.8,2.9,3.7,AS,bealbr01
James Harden,29,HOU,PG,78,78,2867,30.6,0.616,0.539,0.449,2.5,17.8,10.0,39.5,2.7,1.7,14.5,40.5,11.4,3.8,15.2,0.254,9.4,1.6,11.0,9.3,MVP-2ASNBA1,hardeja01
Kemba Walker,28,CHO,PG,82,82,2863,21.7,0.558,0.434,0.267,1.9,11.9,6.8,29.4,1.7,1.0,10.1,31.5,5.5,1.9,7.4,0.123,5.2,-1.0,4.2,4.4,ASNBA3,walkeke02
Tobias Harris,26,2TM,PF,82,82,2847,17.2,0.592,0.313,0.245,2.6,20.8,12.0,12.5,0.8,1.0,9.8,22.8,4.5,2.6,7.1,0.120,2.1,-0.5,1.6,2.6,,harrito02
Tobias Harris,26,LAC,PF,55,55,1903,18.2,0.605,0.302,0.256,2.1,21.3,12.0,12.5,1.0,1.0,10.3,23.5,3.2,1.8,5.0,0.127,2.7,-0.2,2.4,2.1,,harrito02
Tobias Harris,26,PHI,PF,27,27,944,15.2,0.562,0.338,0.221,3.7,19.7,11.9,12.6,0.6,1.1,8.8,21.3,1.2,0.9,2.1,0.105,0.9,-1.0,-0.1,0.5,,harrito02
Paul George,28,OKC,SF,77,77,2841,23.3,0.583,0.469,0.335,3.7,19.6,11.4,17.7,2.8,1.0,10.0,29.5,7.0,4.9,11.9,0.201,5.6,1.6,7.2,6.6,MVP-3DPOY-3ASNBA1,georgpa01
Damian Lillard,28,POR,PG,80,80,2838,23.7,0.588,0.419,0.335,2.6,11.1,7.0,30.6,1.5,1.0,10.8,29.3,9.7,2.4,12.1,0.205,6.6,-0.3,6.4,6.0,MVP-6ASNBA2,lillada01
P.J. Tucker,33,HOU,PF,82,82,2802,9.2,0.547,0.740,0.113,4.7,14.4,9.5,4.6,2.3,1.2,10.3,9.5,2.0,3.0,5.0,0.086,-1.6,1.0,-0.6,1.0,,tuckepj01
Kevin Durant,30,GSW,SF,78,78,2702,24.2,0.631,0.281,0.366,1.4,17.5,9.8,26.2,1.0,2.6,12.3,29.0,8.6,2.9,11.5,0.204,5.4,0.1,5.5,5.1,MVP-8ASNBA2,duranke01
Ben Simmons,22,PHI,PG,79,79,2700,20.0,0.582,0.006,0.446,6.9,20.0,13.7,34.2,2.0,1.8,19.3,22.1,4.6,3.6,8.2,0.146,2.2,1.3,3.6,3.8,AS,simmobe01
DeMar DeRozan,29,SAS,SG,77,77,2688,19.5,0.542,0.034,0.336,2.2,16.4,9.4,27.6,1.6,1.1,11.7,27.9,3.6,2.6,6.3,0.112,1.0,0.1,1.1,2.2,,derozde01
LaMarcus Aldridge,33,SAS,C,81,81,2687,22.9,0.576,0.032,0.312,10.3,19.8,15.1,11.6,0.8,3.4,8.8,26.9,6.4,2.9,9.3,0.167,2.4,-0.6,1.8,2.6,AS,aldrila01
Steven Adams,25,OKC,C,80,80,2669,18.5,0.591,0.002,0.361,14.7,14.8,14.7,6.6,2.0,2.4,12.6,16.4,5.1,4.0,9.1,0.163,0.7,0.4,1.1,2.1,,adamsst01
Klay Thompson,28,GSW,SG,78,78,2652,16.6,0.571,0.427,0.113,1.6,10.1,6.0,10.5,1.5,1.5,7.2,25.6,2.9,2.3,5.3,0.095,1.1,-1.4,-0.3,1.2,AS,thompkl01
Andre Drummond,25,DET,C,79,79,2647,23.4,0.555,0.036,0.392,16.8,34.7,25.4,7.2,2.5,4.4,12.4,22.9,4.1,5.9,10.0,0.181,1.3,0.8,2.1,2.7,,drumman01
Aaron Gordon,23,ORL,PF,78,78,2633,15.1,0.538,0.332,0.242,5.2,18.4,11.7,16.6,1.1,1.8,12.3,21.8,1.8,3.3,5.1,0.093,0.3,0.3,0.6,1.7,,gordoaa01
Russell Westbrook,30,OKC,PG,73,73,2630,21.1,0.501,0.279,0.306,4.1,28.3,15.8,46.5,2.5,1.1,16.3,30.9,1.8,5.0,6.8,0.124,2.8,2.4,5.2,4.7,MVP-10ASNBA3,westbru01
Blake Griffin,29,DET,PF,75,75,2622,21.0,0.581,0.389,0.410,4.0,20.1,11.8,27.1,1.0,0.9,13.8,30.2,5.1,2.9,8.0,0.147,4.9,0.2,5.1,4.7,ASNBA3,griffbl01
Buddy Hield,26,SAC,SG,82,82,2615,17.5,0.587,0.479,0.142,4.1,12.4,8.1,11.9,1.0,1.1,9.2,25.1,4.3,1.6,5.9,0.108,3.5,-1.4,2.1,2.7,,hieldbu01
Jerami Grant,24,OKC,PF,80,77,2612,13.8,0.592,0.356,0.269,3.7,13.1,8.2,4.2,1.1,3.2,6.8,15.4,4.0,3.3,7.3,0.134,-0.4,0.6,0.2,1.5,,grantje01
Justin Holiday,29,2TM,SG,82,77,2607,10.0,0.520,0.598,0.136,1.9,11.9,6.8,8.1,2.3,1.2,11.2,15.7,-0.4,2.5,2.1,0.038,-2.3,0.5,-1.8,0.1,,holidju01
Justin Holiday,29,CHI,SG,38,38,1325,11.0,0.531,0.685,0.117,1.5,12.4,6.9,9.1,2.5,1.4,10.2,15.2,0.2,1.1,1.3,0.047,-1.3,1.1,-0.3,0.6,,holidju01
Justin Holiday,29,MEM,SG,44,39,1282,8.9,0.509,0.509,0.157,2.3,11.3,6.7,7.1,2.1,1.1,12.2,16.3,-0.6,1.4,0.8,0.029,-3.3,-0.1,-3.4,-0.5,,holidju01
Collin Sexton,20,CLE,PG,82,72,2605,12.0,0.520,0.245,0.211,2.3,8.0,5.0,15.3,0.8,0.2,12.3,25.2,-0.1,-0.5,-0.6,-0.011,-1.4,-3.3,-4.7,-1.8,ROY-5,sextoco01
Donovan Mitchell,22,UTA,SG,77,77,2598,17.2,0.537,0.339,0.259,2.5,10.5,6.6,21.2,2.0,0.9,11.3,31.6,1.3,3.7,5.0,0.092,1.2,0.1,1.3,2.2,,mitchdo01
Rudy Gobert,26,UTA,C,81,80,2577,24.6,0.682,0.000,0.733,13.2,30.2,21.9,9.6,1.2,5.8,12.1,17.8,8.7,5.7,14.4,0.268,3.0,2.5,5.4,4.8,MVP-11DPOY-1NBA3,goberru01
Bojan Bogdanović,29,IND,SF,81,81,2573,16.1,0.613,0.367,0.290,1.5,12.7,7.2,9.5,1.3,0.0,10.2,22.4,3.9,2.8,6.8,0.126,1.3,-0.6,0.7,1.7,,bogdabo02
Joe Ingles,31,UTA,PF,82,82,2568,13.4,0.581,0.602,0.153,1.5,12.2,7.0,26.1,1.8,0.6,18.4,17.5,2.5,3.6,6.0,0.113,0.3,1.1,1.4,2.2,,inglejo01
Evan Fournier,26,ORL,SG,81,81,2553,12.3,0.536,0.421,0.159,1.6,9.4,5.4,17.6,1.4,0.4,11.9,22.1,0.8,2.5,3.2,0.061,-1.8,-0.6,-2.4,-0.3,,fournev01
Pascal Siakam,24,TOR,PF,80,79,2548,18.7,0.628,0.226,0.320,5.4,17.5,11.6,14.6,1.4,1.7,12.5,20.8,5.7,3.6,9.3,0.175,1.6,0.8,2.4,2.8,MIP-1,siakapa01
De'Aaron Fox,21,SAC,PG,81,81,2546,18.1,0.544,0.211,0.378,1.7,10.8,6.2,33.2,2.4,1.5,15.0,24.5,3.2,2.5,5.6,0.106,1.3,0.2,1.5,2.3,,foxde01
Karl-Anthony Towns,23,MIN,C,77,77,2545,26.3,0.622,0.270,0.342,10.9,29.3,20.0,17.2,1.3,4.2,13.7,28.9,7.2,3.2,10.4,0.197,5.4,0.6,6.0,5.1,AS,townska01
Andrew Wiggins,23,MIN,SF,73,73,2543,12.4,0.493,0.288,0.245,3.5,11.4,7.4,10.9,1.3,1.6,9.3,24.4,-0.6,1.3,0.6,0.012,-1.2,-1.8,-3.0,-0.6,,wiggian01
Josh Richardson,25,MIA,SG,73,73,2539,14.0,0.536,0.448,0.225,2.3,8.8,5.5,17.9,1.5,1.2,9.1,20.9,3.0,2.6,5.6,0.106,0.1,0.2,0.3,1.5,,richajo01
Harrison Barnes,26,2TM,PF,77,77,2533,12.8,0.550,0.429,0.271,2.4,12.7,7.5,6.7,0.9,0.4,7.9,20.9,2.0,1.6,3.6,0.068,-0.2,-1.2,-1.4,0.4,,barneha02
Harrison Barnes,26,DAL,PF,49,49,1584,13.1,0.538,0.434,0.276,2.4,11.5,7.0,6.3,1.0,0.6,7.8,23.7,0.8,1.1,1.9,0.059,0.0,-1.2,-1.2,0.3,,barneha02
Harrison Barnes,26,SAC,SF,28,28,949,12.3,0.578,0.419,0.258,2.2,14.8,8.4,7.5,0.8,0.2,8.0,16.3,1.1,0.5,1.7,0.084,-0.5,-1.2,-1.7,0.1,,barneha02
Nikola Vučević,28,ORL,C,80,80,2510,25.4,0.573,0.171,0.168,9.4,31.9,20.5,21.9,1.6,3.0,9.9,28.0,5.4,4.7,10.1,0.193,5.0,1.7,6.6,5.5,AS,vucevni01
Nikola Jokić,23,DEN,C,80,80,2504,26.3,0.589,0.224,0.292,9.8,27.6,18.7,37.0,2.1,1.9,15.4,27.4,7.5,4.3,11.8,0.226,6.2,2.9,9.1,7.0,MVP-4ASNBA1,jokicni01
Trae Young,20,ATL,PG,81,81,2503,17.0,0.539,0.384,0.330,2.6,10.2,6.3,40.5,1.3,0.5,17.6,28.4,2.5,0.7,3.3,0.062,2.3,-2.8,-0.6,0.9,ROY-2,youngtr01
Thaddeus Young,30,IND,PF,81,81,2489,16.2,0.569,0.174,0.161,8.7,14.4,11.7,12.0,2.4,1.3,12.0,18.0,3.0,3.9,6.9,0.133,0.4,1.1,1.5,2.2,,youngth01
Jayson Tatum,20,BOS,SF,79,79,2455,15.1,0.547,0.300,0.220,3.0,17.7,10.4,10.0,1.7,2.1,9.7,22.2,1.6,3.2,4.8,0.094,-0.4,0.2,-0.2,1.1,,tatumja01
D'Angelo Russell,22,BRK,PG,81,81,2448,19.4,0.533,0.419,0.135,2.3,11.2,6.8,41.3,1.9,0.6,13.6,31.9,2.4,2.6,5.0,0.097,4.0,-0.6,3.4,3.4,AS,russeda01
Jamal Murray,21,DEN,PG,75,74,2447,16.0,0.538,0.353,0.190,2.9,11.2,7.0,22.4,1.3,1.0,11.1,24.9,2.8,2.3,5.1,0.100,1.4,-0.8,0.6,1.6,,murraja01
Cedi Osman,23,CLE,SF,76,75,2444,11.5,0.536,0.443,0.214,2.0,14.8,8.1,12.1,1.2,0.4,11.0,18.6,1.2,0.2,1.5,0.029,-1.4,-1.8,-3.2,-0.8,,osmande01
Marc Gasol,34,2TM,C,79,72,2436,16.6,0.546,0.314,0.291,3.6,25.1,14.3,22.2,1.7,3.2,13.6,20.7,2.0,4.0,6.0,0.118,0.8,2.3,3.1,3.1,,gasolma01
Marc Gasol,34,MEM,C,53,53,1788,16.9,0.541,0.324,0.294,3.5,25.5,14.3,22.6,1.7,3.3,13.4,22.3,1.0,2.8,3.9,0.104,1.1,2.1,3.2,2.3,,gasolma01
Marc Gasol,34,TOR,C,26,19,648,16.0,0.565,0.278,0.278,4.1,24.0,14.3,21.2,1.8,2.9,14.6,16.3,0.9,1.2,2.1,0.157,0.1,2.8,2.9,0.8,,gasolma01
Mikal Bridges,22,PHO,SF,82,56,2417,10.8,0.556,0.556,0.210,2.5,9.7,6.0,9.8,2.5,1.3,10.2,12.2,1.7,1.2,2.9,0.058,-2.0,0.4,-1.6,0.3,,bridgmi01
Jrue Holiday,28,NOP,SG,67,67,2402,19.4,0.555,0.313,0.234,3.3,11.0,7.2,31.8,2.1,1.8,14.1,25.4,3.5,1.9,5.4,0.108,3.1,-0.1,3.0,3.1,,holidjr01
Khris Middleton,27,MIL,SF,77,77,2393,16.5,0.558,0.413,0.225,2.3,16.5,9.8,20.1,1.6,0.2,12.1,25.1,2.5,3.6,6.1,0.123,0.7,0.1,0.8,1.7,AS,middlkh01
JJ Redick,34,PHI,SG,76,63,2379,15.1,0.602,0.589,0.248,0.9,7.2,4.1,12.9,0.6,0.6,8.1,21.9,4.6,1.2,5.9,0.118,2.2,-2.0,0.2,1.3,,redicjj01
CJ McCollum,27,POR,SG,70,70,2375,17.0,0.553,0.358,0.154,2.9,9.7,6.3,13.8,1.1,0.9,7.4,25.5,4.0,1.7,5.6,0.114,2.1,-1.0,1.0,1.8,,mccolcj01
Giannis Antetokounmpo,24,MIL,PF,72,72,2358,30.9,0.644,0.163,0.550,7.3,30.0,19.3,30.3,1.8,3.9,14.8,32.3,8.9,5.5,14.4,0.292,6.3,4.1,10.4,7.4,MVP-1DPOY-2ASNBA1,antetgi01
Nicolas Batum,30,CHO,SF,75,72,2354,11.9,0.581,0.530,0.158,3.2,14.9,8.9,14.5,1.5,1.6,16.3,13.2,2.0,1.7,3.7,0.076,-0.7,0.4,-0.3,1.0,,batumni01
Trevor Ariza,33,2TM,SF,69,69,2349,12.0,0.534,0.590,0.223,2.3,15.2,8.6,14.8,1.8,0.7,11.6,16.6,1.3,1.2,2.5,0.052,-0.7,-0.6,-1.3,0.4,,arizatr01
Trevor Ariza,33,PHO,SF,26,26,884,10.5,0.525,0.612,0.189,2.0,16.4,9.1,13.5,2.1,0.8,13.7,13.8,0.2,0.5,0.6,0.035,-1.1,0.0,-1.1,0.2,,arizatr01
Trevor Ariza,33,WAS,SF,43,43,1465,13.0,0.538,0.580,0.238,2.5,14.5,8.4,15.5,1.7,0.7,10.6,18.2,1.1,0.8,1.9,0.062,-0.5,-0.9,-1.4,0.2,,arizatr01
Mike Conley,31,MEM,PG,70,70,2342,21.4,0.569,0.380,0.363,1.9,9.7,5.7,33.4,2.0,0.9,9.1,27.3,5.7,2.3,8.0,0.164,4.6,0.1,4.7,3.9,,conlemi01
Stephen Curry,30,GSW,PG,69,69,2331,24.4,0.641,0.604,0.214,2.2,14.2,8.4,24.2,1.9,0.9,11.6,30.4,7.2,2.5,9.7,0.199,7.1,-0.5,6.6,5.1,MVP-5ASNBA1,curryst01
Brook Lopez,30,MIL,C,81,81,2322,14.6,0.597,0.651,0.169,1.5,15.0,8.7,5.7,1.0,6.5,8.9,16.7,2.3,4.3,6.7,0.138,0.4,1.8,2.2,2.4,,lopezbr01
Luka Dončić,19,DAL,SG,72,72,2318,19.6,0.545,0.433,0.409,4.0,21.9,13.0,31.6,1.6,0.9,15.0,30.5,2.1,2.8,4.9,0.101,3.6,0.3,3.9,3.4,ROY-1,doncilu01
Kyle Kuzma,23,LAL,PF,70,68,2314,14.0,0.546,0.388,0.230,2.7,14.1,8.5,11.5,0.8,0.9,10.0,23.8,1.2,1.9,3.1,0.065,-0.2,-1.2,-1.4,0.4,,kuzmaky01
Dennis Schröder,25,OKC,PG,79,14,2314,12.7,0.508,0.330,0.206,1.6,11.3,6.3,20.4,1.3,0.4,12.5,24.2,0.4,2.4,2.9,0.060,-1.3,-0.7,-2.0,0.0,6MOY-8,schrode01
Joe Harris,27,BRK,SG,76,76,2293,13.5,0.645,0.516,0.178,2.4,10.9,6.7,11.9,0.8,0.6,13.0,17.0,3.8,1.7,5.5,0.116,0.8,-0.3,0.5,1.4,,harrijo01
Bryn Forbes,25,SAS,SG,82,81,2293,12.0,0.586,0.522,0.099,0.9,10.4,5.7,10.6,1.0,0.1,8.8,17.4,2.5,1.3,3.8,0.079,-0.3,-0.9,-1.2,0.5,,forbebr01
Al-Farouq Aminu,28,POR,PF,81,81,2292,13.2,0.568,0.472,0.292,5.3,22.6,14.2,6.0,1.4,1.2,9.7,13.7,3.0,2.8,5.8,0.121,0.1,0.6,0.7,1.5,,aminual01
Reggie Jackson,28,DET,PG,82,82,2289,15.2,0.547,0.450,0.225,2.1,8.5,5.2,24.7,1.2,0.3,11.4,24.5,3.1,1.9,5.0,0.105,1.3,-0.9,0.4,1.4,,jacksre01
Eric Bledsoe,29,MIL,PG,78,78,2272,19.3,0.577,0.388,0.243,3.9,11.8,8.1,27.4,2.4,1.1,13.3,22.9,4.4,3.7,8.2,0.173,1.9,1.2,3.1,2.9,,bledser01
D.J. Augustin,31,ORL,PG,81,81,2269,15.7,0.616,0.459,0.309,1.9,7.8,4.8,26.9,1.1,0.1,14.3,17.2,5.0,1.9,6.9,0.146,1.1,-0.7,0.5,1.4,,augusdj01
Jeremy Lamb,26,CHO,SG,79,55,2250,17.3,0.552,0.337,0.266,3.1,18.1,10.4,11.9,1.9,1.2,6.8,22.5,3.3,2.0,5.3,0.113,1.2,0.0,1.2,1.8,,lambje01
Clint Capela,24,HOU,C,67,67,2249,23.8,0.658,0.000,0.357,14.4,27.6,20.8,7.1,1.0,3.9,10.0,18.2,7.8,3.0,10.8,0.230,3.3,-0.3,3.0,2.8,,capelca01
Devin Booker,22,PHO,SG,64,64,2242,20.2,0.584,0.330,0.362,1.9,11.3,6.5,34.1,1.2,0.5,15.4,32.9,3.3,0.3,3.5,0.076,3.3,-2.3,1.0,1.7,,bookede01
Julius Randle,24,NOP,PF,73,49,2232,20.9,0.600,0.179,0.447,7.6,21.6,14.7,15.8,1.1,1.6,13.8,27.8,4.2,1.9,6.1,0.131,2.1,-0.6,1.5,2.0,,randlju01
Danny Green,31,TOR,SG,80,80,2216,13.0,0.632,0.690,0.070,3.0,12.2,7.7,7.7,1.6,2.0,10.4,14.1,3.0,2.9,5.9,0.128,1.1,0.8,2.0,2.2,,greenda02
Kyrie Irving,26,BOS,PG,67,67,2214,24.4,0.592,0.350,0.197,3.4,12.7,8.1,35.0,2.3,1.4,11.3,29.7,6.2,2.8,9.0,0.195,6.0,1.1,7.2,5.1,ASNBA2,irvinky01
Jordan Clarkson,26,CLE,SG,81,0,2214,16.8,0.539,0.377,0.163,3.9,9.9,6.8,15.6,1.3,0.5,9.6,27.6,1.9,-0.1,1.8,0.039,2.1,-2.6,-0.5,0.8,,clarkjo01
Willie Cauley-Stein,25,SAC,C,81,81,2213,18.0,0.566,0.003,0.343,8.2,23.7,15.8,12.3,2.0,2.0,9.0,17.5,3.8,2.9,6.7,0.146,0.2,1.1,1.2,1.8,,caulewi01
Kyle Lowry,32,TOR,PG,65,65,2213,16.5,0.562,0.613,0.263,2.1,12.9,7.6,34.8,2.0,1.2,18.1,19.6,3.6,3.0,6.6,0.144,1.7,0.6,2.3,2.4,AS,lowryky01
Marcus Smart,24,BOS,SG,80,60,2200,13.2,0.568,0.610,0.228,2.8,8.6,5.7,19.1,3.1,1.1,16.5,14.7,2.2,3.0,5.2,0.114,-1.2,2.0,0.8,1.5,DPOY-8,smartma01
Jimmy Butler,29,2TM,SG,65,65,2185,20.2,0.571,0.213,0.404,6.0,10.5,8.3,18.0,2.7,1.4,8.2,22.3,5.4,2.5,7.9,0.173,2.8,0.9,3.7,3.2,,butleji01
Jimmy Butler,29,MIN,SG,10,10,361,22.3,0.579,0.287,0.389,4.7,10.8,7.7,18.2,3.2,2.4,7.1,23.0,1.0,0.4,1.3,0.176,4.7,2.2,6.9,0.8,,butleji01
Jimmy Butler,29,PHI,SF,55,55,1824,19.8,0.569,0.198,0.407,6.3,10.4,8.4,18.0,2.6,1.2,8.4,22.1,4.4,2.1,6.6,0.172,2.4,0.7,3.1,2.4,,butleji01
Deandre Ayton,20,PHO,C,71,70,2183,20.5,0.608,0.005,0.217,11.1,26.1,18.5,9.6,1.3,2.6,11.7,21.2,4.1,1.7,5.8,0.128,1.3,-1.1,0.2,1.2,ROY-3,aytonde01
Shai Gilgeous-Alexander,20,LAC,PG,82,73,2174,13.4,0.554,0.194,0.272,2.9,8.3,5.7,17.8,2.1,1.6,15.0,18.3,1.5,1.9,3.3,0.074,-0.9,0.4,-0.5,0.8,ROY-6,gilgesh01
Zach LaVine,23,CHI,SG,63,62,2171,18.7,0.574,0.283,0.330,2.0,12.9,7.4,22.6,1.3,1.0,14.2,30.5,1.7,1.1,2.8,0.062,2.4,-1.6,0.8,1.5,,lavinza01
Jae Crowder,28,UTA,SF,80,11,2166,12.1,0.538,0.655,0.247,3.1,15.9,9.6,8.9,1.4,1.1,8.8,19.1,1.3,3.1,4.4,0.097,-0.3,0.6,0.3,1.2,6MOY-11,crowdja01
Tomáš Satoranský,27,WAS,PG,80,54,2164,14.1,0.590,0.306,0.302,4.0,10.0,7.0,24.6,1.8,0.5,16.7,14.1,3.8,0.9,4.7,0.104,-0.4,-0.3,-0.7,0.7,,satorto01
Montrezl Harrell,25,LAC,C,82,5,2158,23.4,0.636,0.019,0.466,9.3,16.7,13.1,12.5,1.6,4.0,11.0,23.5,6.1,2.6,8.7,0.193,2.6,0.7,3.3,2.9,6MOY-3,harremo01
Eric Gordon,30,HOU,SG,68,53,2158,12.2,0.549,0.640,0.162,0.9,6.9,3.8,9.4,0.9,1.1,8.2,22.0,1.7,1.0,2.6,0.059,0.5,-1.8,-1.3,0.4,,gordoer01
Kevin Knox,19,NYK,PF,75,57,2158,8.7,0.475,0.398,0.247,2.9,13.6,8.1,6.0,1.0,0.9,10.1,22.3,-2.2,0.9,-1.3,-0.030,-3.4,-2.3,-5.7,-2.0,,knoxke01
Joel Embiid,24,PHI,C,64,64,2154,26.1,0.593,0.219,0.541,8.1,34.0,21.4,18.4,1.0,4.4,13.2,33.3,4.9,3.8,8.7,0.194,4.0,0.9,4.9,3.8,MVP-7DPOY-4ASNBA2,embiijo01
Terrence Ross,27,ORL,SG,81,0,2150,15.4,0.561,0.551,0.140,1.3,12.8,7.0,9.9,1.6,1.1,7.6,23.9,1.7,2.6,4.3,0.095,1.1,-0.3,0.8,1.5,6MOY-5,rosste01
Darren Collison,31,IND,PG,76,76,2143,16.7,0.574,0.294,0.288,1.9,9.9,6.0,29.9,2.5,0.4,14.4,17.7,3.9,2.9,6.8,0.153,0.8,1.0,1.8,2.1,,collida01
Patrick Beverley,30,LAC,PG,78,49,2137,11.8,0.561,0.591,0.258,3.9,15.0,9.6,18.4,1.5,1.6,13.8,12.2,2.8,2.0,4.8,0.108,-0.3,1.2,0.9,1.5,DPOY-9,beverpa01
Marvin Williams,32,CHO,PF,75,75,2133,12.6,0.548,0.586,0.132,3.8,17.1,10.3,6.1,1.6,2.5,6.4,14.9,1.9,1.9,3.8,0.086,-0.4,0.2,-0.3,0.9,,willima02
Myles Turner,22,IND,C,74,74,2119,18.0,0.567,0.251,0.258,5.4,22.0,13.9,8.0,1.4,8.4,10.3,20.0,1.9,4.4,6.3,0.144,0.0,2.4,2.5,2.4,DPOY-5,turnemy01
Jeff Green,32,WAS,PF,77,44,2097,13.6,0.608,0.466,0.300,2.9,13.3,8.0,9.2,1.0,1.6,11.5,17.8,2.8,0.8,3.6,0.083,0.0,-1.4,-1.4,0.3,,greenje02
Jarrett Allen,20,BRK,C,80,80,2096,18.5,0.632,0.079,0.489,9.6,24.0,16.8,7.9,1.0,4.5,13.0,15.9,4.4,3.3,7.6,0.175,0.2,1.4,1.6,1.9,DPOY-9,allenja01
Marcus Morris,29,BOS,PF,75,53,2091,14.3,0.568,0.461,0.205,3.9,19.5,11.7,7.5,1.0,1.1,9.1,20.9,2.1,2.4,4.4,0.102,-0.2,-0.7,-0.9,0.6,,morrima03
Wesley Matthews,32,3TM,SF,69,68,2091,10.3,0.546,0.577,0.234,1.7,7.1,4.4,11.1,1.3,0.7,10.6,17.8,1.1,1.5,2.7,0.062,-1.4,-0.5,-1.8,0.1,,matthwe02
Wesley Matthews,32,DAL,SF,44,44,1312,11.3,0.556,0.561,0.235,1.6,6.6,4.2,11.6,1.2,0.8,10.1,18.9,1.0,0.8,1.8,0.066,-0.8,-0.5,-1.3,0.2,,matthwe02
Wesley Matthews,32,NYK,SG,2,1,54,2.9,0.330,0.526,0.263,1.9,4.0,2.9,12.9,0.9,1.6,8.6,18.4,-0.1,0.0,-0.1,-0.115,-5.3,-1.3,-6.6,-0.1,,matthwe02
Wesley Matthews,32,IND,SG,23,23,725,9.2,0.543,0.619,0.229,1.7,8.1,5.0,10.1,1.3,0.5,11.8,15.8,0.3,0.7,1.0,0.067,-2.0,-0.4,-2.4,-0.1,,matthwe02
Draymond Green,28,GSW,PF,66,66,2065,12.9,0.526,0.391,0.216,3.2,20.8,12.4,26.8,2.2,2.8,26.8,13.1,1.1,3.2,4.3,0.100,-1.3,2.7,1.4,1.8,DPOY-6,greendr01
Cory Joseph,27,IND,PG,82,9,2063,11.0,0.474,0.312,0.078,2.1,12.6,7.5,20.7,2.2,0.9,12.4,13.7,0.5,2.9,3.5,0.081,-2.1,1.7,-0.4,0.9,,josepco01
Danilo Gallinari,30,LAC,SF,68,68,2059,21.0,0.633,0.421,0.459,2.9,18.1,10.7,13.2,1.1,0.9,8.5,23.8,6.4,1.8,8.2,0.191,4.9,-0.5,4.3,3.3,,gallida01
Tim Hardaway Jr.,26,2TM,SG,65,63,2057,13.6,0.527,0.480,0.278,1.7,9.8,5.7,12.8,1.3,0.3,8.6,25.4,1.0,0.9,1.8,0.043,-0.1,-2.0,-2.0,0.0,,hardati02
Tim Hardaway Jr.,26,NYK,SG,46,46,1499,14.4,0.531,0.464,0.321,1.8,9.6,5.6,13.5,1.4,0.3,8.9,25.9,1.0,0.5,1.5,0.048,0.4,-1.9,-1.6,0.2,,hardati02
Tim Hardaway Jr.,26,DAL,SG,19,17,558,11.6,0.514,0.524,0.161,1.4,10.3,5.9,10.9,1.0,0.3,7.7,23.9,0.0,0.4,0.4,0.030,-1.2,-2.0,-3.2,-0.2,,hardati02
Kevin Huerter,20,ATL,SG,75,59,2048,10.1,0.533,0.537,0.085,3.0,9.7,6.3,14.5,1.5,1.1,13.8,15.7,0.7,0.7,1.5,0.034,-1.6,-0.8,-2.4,-0.2,,huertke01
DeAndre Jordan,30,2TM,C,69,69,2047,19.0,0.674,0.000,0.592,11.7,35.2,23.5,11.6,1.0,3.0,21.4,15.0,4.0,3.1,7.1,0.167,0.8,1.3,2.1,2.1,,jordade01
DeAndre Jordan,30,DAL,C,50,50,1554,18.0,0.672,0.000,0.613,11.2,35.9,23.6,9.5,1.0,2.9,21.3,14.4,2.7,2.5,5.3,0.162,0.4,1.3,1.7,1.4,,jordade01
DeAndre Jordan,30,NYK,C,19,19,493,22.1,0.681,0.000,0.537,13.3,33.0,22.9,18.2,0.9,3.4,21.6,16.8,1.3,0.6,1.9,0.181,2.2,1.3,3.4,0.7,,jordade01
Kawhi Leonard,27,TOR,SF,60,60,2040,25.8,0.606,0.267,0.377,4.2,18.6,11.6,16.4,2.5,1.0,8.4,30.3,6.1,3.4,9.5,0.224,6.1,1.1,7.2,4.7,MVP-9DPOY-6ASNBA2,leonaka01
Garrett Temple,32,2TM,SG,75,55,2040,8.5,0.543,0.535,0.217,1.5,10.2,5.8,7.4,1.8,1.4,11.5,13.2,0.3,2.0,2.2,0.052,-3.3,0.5,-2.8,-0.4,,templga01
Garrett Temple,32,MEM,SG,49,49,1530,8.6,0.551,0.543,0.196,1.3,10.0,5.6,6.7,1.6,1.5,11.4,13.9,0.1,1.5,1.6,0.050,-3.1,0.4,-2.7,-0.3,,templga01
Garrett Temple,32,LAC,SG,26,6,510,8.0,0.514,0.509,0.292,2.1,10.9,6.7,9.4,2.4,0.8,11.8,11.2,0.2,0.5,0.6,0.061,-4.1,1.0,-3.1,-0.1,,templga01
Kentavious Caldwell-Pope,25,LAL,SG,82,23,2035,12.9,0.568,0.575,0.209,2.5,9.4,6.0,7.5,1.7,0.5,7.3,18.1,2.3,1.8,4.0,0.095,-0.3,-0.1,-0.5,0.8,,caldwke01
Austin Rivers,26,2TM,SG,76,15,2028,7.7,0.503,0.572,0.166,1.3,7.5,4.4,11.5,1.1,1.0,10.0,14.5,0.4,0.8,1.2,0.028,-3.3,-1.0,-4.3,-1.1,,riverau01
Austin Rivers,26,WAS,SG,29,2,683,6.8,0.490,0.546,0.237,1.6,9.8,5.6,11.2,1.2,1.2,14.4,15.5,-0.4,0.2,-0.2,-0.014,-4.1,-1.2,-5.3,-0.6,,riverau01
Austin Rivers,26,HOU,SG,47,13,1345,8.2,0.511,0.585,0.130,1.2,6.4,3.7,11.7,1.1,0.8,7.4,13.9,0.8,0.6,1.4,0.050,-2.9,-0.9,-3.8,-0.6,,riverau01
Dario Šarić,24,2TM,PF,81,41,2023,13.1,0.563,0.464,0.216,6.6,17.5,12.1,8.8,1.1,0.4,11.3,17.8,2.3,1.2,3.5,0.084,-0.3,-1.3,-1.6,0.2,,saricda01
Dario Šarić,24,PHI,PF,13,13,396,8.1,0.496,0.530,0.227,5.8,16.9,11.5,8.9,0.5,0.6,14.7,18.0,-0.1,0.3,0.2,0.023,-3.2,-1.5,-4.7,-0.3,,saricda01
Dario Šarić,24,MIN,PF,68,28,1627,14.3,0.579,0.449,0.213,6.8,17.7,12.2,8.8,1.2,0.3,10.5,17.8,2.4,0.9,3.3,0.099,0.4,-1.3,-0.8,0.5,,saricda01
Serge Ibaka,29,TOR,C,74,51,2010,18.7,0.582,0.193,0.202,8.6,23.2,16.1,7.7,0.7,4.3,10.7,22.9,2.8,3.3,6.1,0.146,0.2,0.1,0.2,1.2,,ibakase01
Damyean Dotson,24,NYK,SG,73,40,2004,10.8,0.526,0.490,0.140,1.7,12.2,6.8,10.4,1.4,0.4,8.7,17.3,0.7,0.9,1.5,0.037,-1.7,-0.8,-2.6,-0.3,,dotsoda01
Jonathan Isaac,21,ORL,PF,75,64,1996,13.0,0.537,0.435,0.221,5.2,17.0,11.0,5.7,1.4,4.1,10.1,16.3,0.9,3.1,4.0,0.096,-1.4,1.0,-0.4,0.8,,isaacjo01
Lou Williams,32,LAC,SG,75,1,1993,21.2,0.554,0.256,0.426,2.2,9.4,5.9,33.0,1.3,0.4,11.8,32.4,3.9,1.2,5.1,0.123,4.3,-2.1,2.2,2.1,6MOY-1,willilo02
Josh Jackson,21,PHO,SG,79,29,1988,10.6,0.487,0.268,0.253,3.6,15.9,9.7,14.1,1.8,2.3,15.6,23.9,-2.8,1.1,-1.7,-0.040,-3.3,-1.2,-4.6,-1.3,,jacksjo02
Dorian Finney-Smith,25,DAL,SF,81,26,1985,11.0,0.530,0.481,0.195,7.5,13.4,10.5,6.9,1.7,1.5,11.4,14.0,1.2,2.0,3.3,0.079,-1.8,0.4,-1.4,0.3,,finnedo01
Jusuf Nurkić,24,POR,C,72,72,1974,23.4,0.570,0.035,0.442,13.4,26.7,20.2,17.9,1.7,4.2,14.6,24.7,4.4,3.3,7.8,0.189,2.1,1.7,3.7,2.8,,nurkiju01
Al Horford,32,BOS,C,68,68,1973,20.2,0.605,0.281,0.131,6.5,18.3,12.4,21.2,1.4,3.9,11.8,19.0,4.5,2.8,7.4,0.179,3.3,1.9,5.1,3.6,,horfoal01
Monte Morris,23,DEN,PG,82,6,1970,16.2,0.577,0.323,0.115,1.9,8.8,5.3,21.7,1.8,0.2,6.6,17.1,4.4,1.8,6.2,0.151,1.1,0.3,1.5,1.7,6MOY-9,morrimo01
Ryan Arcidiacono,24,CHI,PG,81,32,1961,11.6,0.588,0.519,0.244,1.5,10.8,6.1,18.9,1.6,0.2,12.0,11.7,2.8,0.9,3.7,0.090,-2.0,0.1,-1.9,0.1,,arcidry01
Justise Winslow,22,MIA,SF,66,52,1959,12.8,0.513,0.342,0.183,3.4,15.9,9.6,21.9,1.8,0.9,14.9,20.8,0.2,2.6,2.8,0.067,-1.3,0.6,-0.6,0.7,,winslju01
Bogdan Bogdanović,26,SAC,SG,70,17,1947,14.1,0.530,0.431,0.188,2.1,11.0,6.4,19.3,1.7,0.7,11.1,22.3,1.3,1.4,2.7,0.067,-0.1,-0.6,-0.6,0.7,,bogdabo01
LeBron James,34,LAL,SF,55,55,1937,25.6,0.588,0.299,0.382,3.1,21.3,12.4,39.4,1.7,1.4,13.3,31.6,4.7,2.6,7.2,0.179,6.4,1.7,8.0,4.9,MVP-11ASNBA3,jamesle01
Kelly Oubre Jr.,23,2TM,SF,69,19,1935,15.2,0.551,0.401,0.290,4.0,14.6,9.2,6.8,2.1,2.5,9.8,23.2,0.9,1.3,2.2,0.054,-0.3,-0.9,-1.2,0.4,,oubreke01
Kelly Oubre Jr.,23,WAS,SF,29,7,755,13.3,0.545,0.433,0.279,3.4,15.3,9.3,3.8,1.7,2.2,8.1,20.9,0.3,0.5,0.8,0.053,-1.4,-1.2,-2.6,-0.1,,oubreke01
Kelly Oubre Jr.,23,PHO,SF,40,12,1180,16.4,0.555,0.384,0.296,4.3,14.2,9.2,8.7,2.3,2.8,10.7,24.7,0.5,0.8,1.3,0.054,0.4,-0.8,-0.4,0.5,,oubreke01
DeAndre' Bembry,24,ATL,SG,82,15,1931,10.7,0.508,0.281,0.221,2.9,16.9,9.7,14.7,2.5,1.8,17.4,17.2,-0.9,1.7,0.9,0.022,-3.3,0.8,-2.4,-0.2,,bembrde01
Terrance Ferguson,20,OKC,SG,74,74,1931,6.4,0.566,0.673,0.118,1.7,6.0,3.8,4.8,1.0,0.7,9.4,10.6,1.2,1.6,2.8,0.070,-3.9,0.1,-3.8,-0.9,,fergute01
Spencer Dinwiddie,25,BRK,PG,68,4,1914,16.3,0.580,0.447,0.430,1.4,7.6,4.6,25.6,1.0,0.7,13.4,24.9,3.5,1.4,4.8,0.121,1.4,-0.8,0.6,1.3,6MOY-4,dinwisp01
Jaylen Brown,22,BOS,SG,74,25,1913,13.6,0.547,0.348,0.255,3.6,13.9,8.7,7.7,1.7,1.5,10.1,22.2,0.7,2.3,2.9,0.073,-1.6,-0.4,-2.1,0.0,,brownja02
Bam Adebayo,21,MIA,C,82,28,1913,17.9,0.623,0.031,0.465,9.2,24.0,16.6,14.2,1.8,3.0,17.1,15.8,3.4,3.4,6.8,0.171,-0.4,2.2,1.8,1.8,,adebaba01
Patty Mills,30,SAS,PG,82,1,1908,13.2,0.572,0.609,0.155,1.4,8.9,5.2,17.6,1.3,0.4,11.6,18.5,2.2,1.2,3.5,0.087,0.4,-0.8,-0.3,0.8,,millspa02
Avery Bradley,28,2TM,SG,63,63,1905,7.6,0.496,0.403,0.082,2.5,7.3,4.9,11.8,1.0,0.7,12.4,16.2,-0.6,1.0,0.3,0.009,-2.8,-0.9,-3.7,-0.8,,bradlav01
Avery Bradley,28,LAC,SG,49,49,1463,5.5,0.464,0.410,0.060,2.6,6.7,4.7,8.8,0.9,0.9,12.4,14.2,-1.0,0.6,-0.3,-0.011,-3.7,-0.9,-4.6,-1.0,,bradlav01
Avery Bradley,28,MEM,SG,14,14,442,14.5,0.565,0.388,0.133,2.0,9.3,5.6,21.6,1.6,0.0,12.3,22.9,0.3,0.4,0.7,0.074,0.1,-1.0,-0.9,0.1,,bradlav01
Ricky Rubio,28,UTA,PG,68,67,1899,14.0,0.520,0.348,0.312,1.9,11.8,6.9,32.1,2.3,0.4,17.8,22.7,0.9,2.8,3.7,0.095,-1.0,0.8,-0.2,0.9,,rubiori01
Paul Millsap,33,DEN,PF,70,65,1895,17.9,0.570,0.239,0.374,8.7,20.2,14.4,10.6,2.2,2.5,10.9,19.6,3.2,2.9,6.1,0.155,0.7,1.0,1.7,1.8,,millspa01
Rodney Hood,26,2TM,SG,72,49,1893,12.3,0.545,0.352,0.231,1.4,7.9,4.6,10.0,1.5,0.5,6.9,18.1,2.1,0.5,2.6,0.065,-1.2,-0.8,-2.0,0.0,,hoodro01
Rodney Hood,26,CLE,SG,45,45,1234,13.0,0.542,0.335,0.251,1.6,8.8,5.0,11.5,1.5,0.4,6.7,19.1,1.5,0.0,1.5,0.059,-1.0,-1.1,-2.1,0.0,,hoodro01
Rodney Hood,26,POR,SG,27,4,659,10.9,0.549,0.387,0.189,1.2,6.0,3.6,7.1,1.5,0.9,7.5,16.3,0.6,0.5,1.1,0.077,-1.7,-0.3,-2.0,0.0,,hoodro01
Dwyane Wade,37,MIA,SG,72,2,1885,15.8,0.510,0.272,0.243,3.9,12.2,8.0,26.5,1.5,1.8,13.5,27.9,0.1,2.3,2.4,0.061,0.8,-0.2,0.6,1.2,6MOY-7AS,wadedw01
Malik Beasley,22,DEN,SG,81,18,1879,14.2,0.599,0.550,0.090,2.0,9.5,5.8,7.5,1.4,0.5,6.7,18.7,2.9,1.6,4.5,0.115,0.8,-0.7,0.1,1.0,6MOY-11,beaslma01
Reggie Bullock,27,2TM,SG,63,60,1879,10.4,0.563,0.662,0.143,1.2,8.8,4.9,10.1,1.0,0.5,9.3,15.8,1.6,1.4,3.1,0.078,-0.7,-0.4,-1.1,0.4,,bullore01
Reggie Bullock,27,DET,SG,44,44,1355,11.0,0.569,0.667,0.145,1.6,8.6,5.0,12.0,0.9,0.3,10.3,16.7,1.4,1.0,2.4,0.084,-0.1,-0.5,-0.6,0.5,,bullore01
Reggie Bullock,27,LAL,SG,19,16,524,9.1,0.545,0.647,0.137,0.4,9.3,4.9,5.0,1.4,1.1,6.3,13.7,0.2,0.4,0.7,0.061,-2.1,-0.1,-2.2,0.0,,bullore01
Gordon Hayward,28,BOS,PF,72,18,1863,15.6,0.575,0.364,0.294,2.9,15.5,9.2,18.4,1.6,1.1,12.8,19.1,2.6,2.2,4.8,0.123,0.4,0.4,0.8,1.3,,haywago01
Chris Paul,33,HOU,PG,58,58,1857,19.7,0.560,0.493,0.282,2.1,13.9,7.9,39.3,3.0,0.8,15.8,22.5,4.4,2.2,6.6,0.172,2.7,1.1,3.9,2.8,,paulch01
Anthony Davis,25,NOP,C,56,56,1850,30.3,0.597,0.141,0.422,9.9,27.5,18.8,19.0,2.2,6.0,8.4,29.5,6.4,3.1,9.5,0.247,7.1,2.3,9.4,5.3,AS,davisan02
Rudy Gay,32,SAS,PF,69,51,1842,17.5,0.583,0.247,0.197,3.8,23.9,13.9,14.7,1.4,1.6,12.3,22.1,2.2,2.2,4.4,0.115,0.8,0.6,1.4,1.6,,gayru01
Domantas Sabonis,22,IND,C,74,5,1838,21.9,0.630,0.024,0.416,11.5,29.8,20.8,18.2,1.3,1.5,16.2,23.5,4.3,3.3,7.6,0.197,1.9,1.3,3.1,2.4,6MOY-2,sabondo01
Malcolm Brogdon,26,MIL,SG,64,64,1832,17.8,0.614,0.326,0.203,3.8,11.7,8.0,16.2,1.2,0.6,10.0,20.7,4.2,2.3,6.5,0.171,2.0,0.1,2.2,1.9,,brogdma01
John Collins,21,ATL,PF,61,59,1829,21.8,0.627,0.190,0.320,12.3,22.1,17.1,11.0,0.6,1.8,11.2,23.7,5.0,1.0,6.0,0.158,2.8,-1.9,0.9,1.3,,collijo01
Marco Belinelli,32,SAS,SG,79,1,1815,11.9,0.557,0.572,0.180,1.0,10.8,5.9,10.1,0.9,0.4,8.8,19.8,1.4,1.1,2.5,0.065,-0.5,-1.2,-1.7,0.1,,belinma01
Kelly Olynyk,27,MIA,PF,79,36,1812,14.4,0.610,0.566,0.328,4.2,17.8,11.0,11.4,1.4,1.8,15.0,18.0,2.3,2.5,4.7,0.126,-0.2,0.9,0.7,1.2,,olynyke01
Landry Shamet,21,2TM,SG,79,27,1802,11.0,0.604,0.711,0.167,1.3,6.4,3.9,9.0,1.0,0.4,7.0,15.0,2.7,0.9,3.6,0.095,-0.3,-1.3,-1.6,0.2,,shamela01
Landry Shamet,21,PHI,SG,54,4,1108,10.7,0.606,0.706,0.156,1.4,5.9,3.7,7.4,1.0,0.6,6.6,15.0,1.6,0.6,2.2,0.096,-0.7,-1.1,-1.9,0.0,,shamela01
Landry Shamet,21,LAC,SG,25,23,694,11.3,0.601,0.719,0.186,1.1,7.3,4.3,11.5,0.9,0.2,7.7,15.0,1.1,0.3,1.4,0.094,0.4,-1.6,-1.2,0.1,,shamela01
Larry Nance Jr.,26,CLE,C,67,30,1795,18.6,0.583,0.205,0.280,10.0,24.9,17.1,17.8,2.8,1.9,15.3,15.5,3.3,1.6,4.9,0.131,1.0,1.4,2.4,2.0,,nancela02
Terry Rozier,24,BOS,PG,79,14,1791,13.0,0.501,0.506,0.140,1.9,16.4,9.1,17.7,1.8,1.0,8.8,18.7,0.9,2.2,3.1,0.083,-0.7,0.5,-0.2,0.8,,roziete01
Nemanja Bjelica,30,SAC,PF,77,70,1788,15.4,0.585,0.433,0.155,7.0,18.8,12.8,11.1,1.4,2.7,11.5,16.5,2.7,1.9,4.5,0.122,0.4,0.5,0.9,1.3,,bjeline01
Derrick Favors,27,UTA,C,76,70,1766,21.8,0.624,0.126,0.368,12.9,21.3,17.2,8.0,1.5,4.8,10.5,19.4,4.4,3.5,7.9,0.215,1.8,1.5,3.3,2.4,,favorde01
Brandon Ingram,21,LAL,SF,52,52,1760,13.4,0.555,0.129,0.396,2.5,13.0,7.8,12.9,0.7,1.4,13.1,23.2,0.6,1.4,2.0,0.055,-1.3,-0.7,-2.0,0.0,,ingrabr01
Fred VanVleet,24,TOR,PG,64,28,1760,13.7,0.539,0.493,0.192,1.3,8.7,5.1,23.9,1.6,0.9,11.2,17.9,2.4,1.9,4.3,0.117,0.4,0.1,0.5,1.1,,vanvlfr01
Josh Okogie,20,MIN,SG,74,52,1757,9.3,0.492,0.423,0.319,2.5,10.9,6.6,6.9,2.4,1.6,9.8,15.4,-0.1,1.4,1.2,0.034,-3.5,0.4,-3.1,-0.5,ROY-8,okogijo01
Darius Miller,28,NOP,SF,69,15,1757,8.4,0.550,0.752,0.147,0.8,6.6,3.8,10.4,1.1,1.1,10.3,13.4,1.1,0.6,1.6,0.045,-2.1,-0.8,-2.9,-0.4,,milleda01
Langston Galloway,27,DET,SG,80,4,1745,10.7,0.534,0.647,0.164,3.0,7.9,5.4,7.3,1.0,0.4,3.7,16.1,2.1,1.3,3.4,0.094,-0.9,-0.6,-1.5,0.2,,gallola01
Mason Plumlee,28,DEN,C,82,17,1731,17.8,0.602,0.023,0.448,10.3,22.5,16.4,19.5,1.9,3.9,19.2,16.2,2.9,2.9,5.8,0.160,-0.5,2.6,2.1,1.8,,plumlma01
Derrick White,24,SAS,PG,67,55,1728,14.8,0.555,0.262,0.227,2.2,13.3,7.8,21.0,1.9,2.3,14.0,17.7,1.7,1.9,3.6,0.101,-0.4,1.3,0.9,1.3,,whitede01
Jabari Parker,23,2TM,PF,64,17,1724,15.5,0.560,0.260,0.246,4.9,21.8,13.3,14.1,1.3,1.5,15.4,24.6,0.1,1.3,1.4,0.039,-0.7,-0.9,-1.5,0.2,,parkeja01
Jabari Parker,23,CHI,PF,39,17,1042,14.6,0.543,0.246,0.233,4.2,21.1,12.6,13.2,1.1,1.2,14.1,25.0,-0.2,0.7,0.5,0.024,-1.1,-1.1,-2.1,0.0,,parkeja01
Jabari Parker,23,WAS,PF,25,0,682,17.0,0.587,0.284,0.267,5.9,23.0,14.3,15.4,1.6,2.0,17.4,24.0,0.3,0.6,0.9,0.063,0.0,-0.6,-0.6,0.2,,parkeja01
Noah Vonleh,23,NYK,PF,68,57,1722,13.9,0.561,0.311,0.355,6.7,25.8,16.0,11.1,1.3,2.5,14.7,14.8,1.5,1.7,3.2,0.090,-1.2,0.5,-0.7,0.6,,vonleno01
Josh Hart,23,LAL,SG,67,22,1715,9.3,0.526,0.591,0.172,2.2,12.6,7.5,7.0,1.7,1.9,10.4,13.5,0.2,1.9,2.1,0.059,-2.3,1.0,-1.3,0.3,,hartjo01
DeMarre Carroll,32,BRK,PF,67,8,1703,12.1,0.546,0.539,0.421,4.2,17.3,10.8,7.2,0.9,0.5,9.7,18.6,1.5,1.6,3.1,0.088,-0.9,-0.6,-1.5,0.2,,carrode01
Delon Wright,26,2TM,PG,75,13,1699,15.5,0.523,0.301,0.269,4.4,12.8,8.6,21.6,2.5,1.6,11.0,18.1,1.9,2.4,4.3,0.121,0.1,1.4,1.5,1.5,,wrighde01
Delon Wright,26,TOR,PG,49,2,897,14.5,0.527,0.307,0.208,4.8,10.1,7.5,16.8,2.5,1.4,10.4,17.1,1.0,1.3,2.3,0.123,0.1,1.6,1.7,0.8,,wrighde01
Delon Wright,26,MEM,PG,26,11,802,16.6,0.519,0.294,0.336,4.0,15.9,9.9,26.9,2.6,1.8,11.6,19.2,0.9,1.1,2.0,0.119,0.0,1.2,1.2,0.6,,wrighde01
Miles Bridges,20,CHO,SF,80,25,1696,13.1,0.548,0.391,0.151,4.2,16.6,10.3,8.1,1.6,2.5,8.4,15.1,1.4,1.5,2.9,0.083,-0.9,0.1,-0.8,0.5,,bridgmi02
Taj Gibson,33,MIN,PF,70,57,1686,17.8,0.612,0.063,0.330,10.8,18.3,14.5,7.3,1.5,2.0,10.6,17.2,3.7,1.4,5.1,0.144,0.3,-0.4,-0.1,0.8,,gibsota01
Otto Porter Jr.,25,2TM,SF,56,43,1683,15.9,0.569,0.398,0.149,3.4,17.0,10.1,10.6,2.3,1.6,8.7,19.1,1.8,1.5,3.2,0.093,0.8,0.1,0.9,1.2,,porteot01
Otto Porter Jr.,25,WAS,SF,41,28,1191,15.0,0.551,0.398,0.145,3.6,17.7,10.5,9.6,2.5,1.6,7.8,18.2,1.0,1.1,2.1,0.085,0.0,0.3,0.3,0.7,,porteot01
Otto Porter Jr.,25,CHI,SF,15,15,492,18.0,0.609,0.398,0.159,3.1,15.4,9.2,13.0,1.8,1.6,10.4,21.3,0.8,0.4,1.1,0.112,2.6,-0.4,2.2,0.5,,porteot01
Lauri Markkanen,21,CHI,PF,52,51,1682,17.1,0.553,0.418,0.245,4.7,25.9,15.2,7.2,1.1,1.7,8.8,25.1,1.3,1.5,2.7,0.078,1.4,-1.5,-0.2,0.7,,markkla01
Hassan Whiteside,29,MIA,C,72,53,1674,23.5,0.564,0.024,0.357,16.3,35.6,25.9,5.6,1.3,7.3,11.0,22.6,2.3,4.0,6.3,0.180,1.1,1.2,2.3,1.8,,whiteha01
JaVale McGee,31,LAL,C,75,62,1671,21.8,0.634,0.019,0.237,12.3,22.5,17.5,4.8,1.3,7.3,13.2,20.2,3.0,2.9,5.9,0.171,0.3,1.2,1.4,1.4,,mcgeeja01
Royce O'Neale,25,UTA,SF,82,16,1671,9.0,0.589,0.513,0.122,1.5,16.7,9.2,10.0,1.5,1.1,16.2,11.0,0.7,2.5,3.3,0.094,-2.6,2.1,-0.5,0.6,,onealro01
Dwight Powell,27,DAL,C,77,22,1662,20.4,0.682,0.261,0.523,9.1,17.3,13.2,10.7,1.3,2.6,10.1,17.2,5.6,1.9,7.5,0.215,2.0,0.9,2.9,2.1,,poweldw01
Kent Bazemore,29,ATL,SG,67,35,1643,11.9,0.507,0.434,0.253,2.3,14.6,8.3,13.5,2.5,2.2,13.6,22.0,-0.7,1.4,0.7,0.021,-2.5,0.2,-2.3,-0.1,,bazemke01
Enes Freedom,26,2TM,C,67,31,1640,22.3,0.594,0.050,0.288,16.4,26.1,21.1,12.1,0.9,1.3,13.3,23.1,3.9,1.6,5.4,0.159,2.5,-1.5,1.0,1.2,,kanteen01
Enes Freedom,26,NYK,C,44,23,1128,21.8,0.585,0.047,0.276,15.5,27.5,21.4,13.1,0.8,1.3,13.1,22.9,2.4,0.9,3.4,0.143,2.5,-1.6,0.9,0.8,,kanteen01
Enes Freedom,26,POR,C,23,8,512,23.5,0.614,0.056,0.316,18.3,22.8,20.6,9.9,1.3,1.4,13.7,23.4,1.5,0.6,2.1,0.196,2.6,-1.3,1.3,0.4,,kanteen01
Gary Harris,24,DEN,SG,57,48,1639,12.2,0.526,0.380,0.226,2.7,7.9,5.3,11.0,1.6,1.0,8.9,20.0,1.1,1.5,2.6,0.076,-1.2,-0.4,-1.6,0.2,,harriga01
Dāvis Bertāns,26,SAS,PF,76,12,1632,13.0,0.632,0.746,0.132,1.6,16.0,8.8,8.2,1.0,1.7,8.2,14.1,2.6,1.5,4.0,0.118,1.1,0.2,1.3,1.4,6MOY-11,bertada01
Justin Jackson,23,2TM,SF,81,14,1614,11.3,0.561,0.505,0.163,2.8,11.0,6.9,8.1,0.9,0.7,5.3,14.3,2.0,0.9,2.9,0.086,-0.8,-0.8,-1.6,0.2,,jacksju01
Justin Jackson,23,SAC,SF,52,3,1083,10.1,0.546,0.539,0.169,2.3,11.8,6.9,8.0,1.0,1.0,6.5,12.9,1.0,0.6,1.6,0.072,-1.3,-0.5,-1.9,0.0,,jacksju01
Justin Jackson,23,DAL,SF,29,11,531,13.9,0.584,0.453,0.153,3.9,9.4,6.7,8.4,0.8,0.2,3.3,17.0,1.0,0.3,1.3,0.114,0.4,-1.4,-1.0,0.1,,jacksju01
Dewayne Dedmon,29,ATL,C,64,52,1609,16.0,0.602,0.413,0.215,6.7,25.0,15.7,8.1,2.0,3.8,12.7,16.7,2.1,1.9,4.0,0.119,-0.3,0.8,0.5,1.0,,dedmode01
Emmanuel Mudiay,22,NYK,PG,59,42,1607,14.6,0.531,0.284,0.251,2.1,10.9,6.4,24.2,1.3,1.0,14.6,25.6,0.1,0.7,0.8,0.023,-0.2,-1.8,-2.0,0.0,,mudiaem01
Robin Lopez,30,CHI,C,74,36,1606,15.9,0.598,0.058,0.230,9.4,10.0,9.7,8.8,0.3,4.2,14.0,18.6,2.0,0.7,2.7,0.081,-0.6,-1.4,-1.9,0.0,,lopezro01
Evan Turner,30,POR,PG,73,2,1605,11.6,0.504,0.117,0.239,2.5,18.9,10.9,23.6,1.0,0.9,18.9,15.9,0.5,1.5,2.0,0.060,-1.8,0.5,-1.3,0.3,,turneev01
Jalen Brunson,22,DAL,PG,73,38,1591,12.7,0.549,0.320,0.212,1.7,9.6,5.7,22.6,1.1,0.2,12.5,19.1,1.5,1.0,2.6,0.077,-1.2,-0.5,-1.7,0.1,,brunsja01
Andre Iguodala,35,GSW,SF,68,13,1578,13.1,0.587,0.477,0.222,3.4,13.2,8.5,16.8,1.8,2.7,13.6,10.4,2.4,1.8,4.2,0.129,0.1,1.7,1.8,1.5,6MOY-10,iguodan01
Marvin Bagley III,19,SAC,PF,62,4,1567,18.9,0.562,0.136,0.371,10.4,20.8,15.5,5.9,1.0,3.2,10.7,24.2,2.0,1.6,3.6,0.110,0.5,-1.5,-1.0,0.4,ROY-7,baglema01
Tyus Jones,22,MIN,PG,68,23,1560,13.7,0.491,0.283,0.155,1.6,7.7,4.6,28.3,2.5,0.3,9.0,14.1,2.1,0.9,3.0,0.091,-0.9,0.3,-0.6,0.6,,jonesty01
Taurean Prince,24,ATL,SF,55,47,1552,11.9,0.575,0.530,0.195,1.5,12.3,6.7,11.1,1.6,1.1,13.4,19.5,0.8,0.7,1.5,0.047,-1.0,-1.0,-2.0,0.0,,princta02
Rodney McGruder,27,MIA,SG,66,45,1550,9.4,0.510,0.488,0.156,4.1,12.2,8.2,10.3,1.1,0.7,11.5,15.4,0.4,1.6,1.9,0.059,-2.2,-0.1,-2.3,-0.1,,mcgruro01
Alex Len,25,ATL,C,77,31,1544,17.2,0.575,0.315,0.333,10.5,18.5,14.4,8.6,0.8,3.9,11.5,22.1,2.2,1.0,3.2,0.100,0.0,-1.3,-1.2,0.3,,lenal01
Tyler Johnson,26,2TM,PG,57,22,1529,12.4,0.532,0.494,0.241,2.4,9.8,6.1,15.9,1.7,1.6,11.7,18.5,0.9,1.4,2.3,0.071,-0.7,0.3,-0.4,0.6,,johnsty01
Tyler Johnson,26,MIA,PG,44,10,1123,12.3,0.540,0.509,0.219,1.8,9.7,5.7,14.9,1.7,1.7,12.5,19.2,0.5,1.3,1.8,0.075,-0.7,0.6,-0.1,0.5,,johnsty01
Tyler Johnson,26,PHO,PG,13,12,406,12.8,0.506,0.448,0.312,4.0,10.3,7.1,18.6,1.6,1.2,9.0,16.5,0.4,0.1,0.5,0.060,-0.5,-0.6,-1.0,0.1,,johnsty01
Jaren Jackson Jr.,19,MEM,PF,58,56,1515,16.4,0.591,0.241,0.334,5.3,15.0,10.1,7.2,1.7,5.1,12.7,22.8,1.2,2.2,3.3,0.105,-1.2,1.0,-0.3,0.7,ROY-4,jacksja02
Dennis Smith Jr.,21,2TM,PG,53,50,1508,12.3,0.502,0.320,0.240,2.2,8.7,5.5,27.3,2.1,1.1,17.6,24.8,-1.2,1.2,0.0,0.001,-1.6,-0.4,-1.9,0.0,,smithde03
Dennis Smith Jr.,21,DAL,PG,32,32,908,11.5,0.527,0.350,0.230,2.1,9.3,5.7,24.1,2.1,1.0,20.3,23.3,-0.7,0.9,0.2,0.010,-2.1,0.0,-2.1,0.0,,smithde03
Dennis Smith Jr.,21,NYK,PG,21,18,600,13.5,0.473,0.283,0.253,2.4,7.9,5.1,32.2,2.2,1.3,14.2,27.0,-0.5,0.3,-0.2,-0.014,-0.8,-0.9,-1.7,0.0,,smithde03
Torrey Craig,28,DEN,SF,75,37,1503,10.4,0.547,0.519,0.193,6.4,12.6,9.5,6.3,1.2,2.7,10.1,12.4,1.4,1.7,3.0,0.096,-2.0,0.2,-1.9,0.0,,craigto01
Maxi Kleber,27,DAL,PF,71,18,1502,13.1,0.579,0.565,0.192,6.5,16.9,11.7,6.8,1.2,4.4,11.4,13.5,1.6,1.8,3.5,0.111,-0.8,1.2,0.4,0.9,,klebima01
Thomas Bryant,21,WAS,C,72,53,1496,21.0,0.674,0.197,0.273,8.1,25.1,16.5,9.3,0.8,3.8,9.6,17.6,4.3,1.3,5.6,0.178,2.3,-0.3,2.0,1.5,,bryanth01
Kevon Looney,22,GSW,C,80,24,1481,17.3,0.636,0.029,0.303,14.6,15.4,15.0,10.9,1.5,3.0,11.5,12.8,4.2,1.8,6.0,0.194,0.1,0.4,0.5,0.9,,looneke01
Iman Shumpert,28,2TM,SG,62,41,1481,9.1,0.499,0.612,0.101,1.9,11.4,6.5,9.9,1.9,1.4,9.7,14.5,0.1,1.2,1.4,0.045,-2.4,0.5,-1.9,0.0,,shumpim01
Iman Shumpert,28,SAC,SG,42,40,1099,10.1,0.511,0.580,0.118,1.7,10.6,6.0,10.7,2.0,1.6,9.4,15.2,0.3,0.9,1.2,0.054,-1.9,0.6,-1.3,0.2,,shumpim01
Iman Shumpert,28,HOU,SG,20,1,382,6.3,0.456,0.724,0.041,2.3,13.6,7.8,7.6,1.5,0.9,10.7,12.7,-0.2,0.3,0.2,0.019,-4.0,0.2,-3.7,-0.2,,shumpim01
Gerald Green,33,HOU,SG,73,0,1473,11.4,0.555,0.763,0.118,2.2,11.7,6.8,4.1,1.1,1.6,8.3,19.5,0.9,1.0,1.9,0.061,-0.2,-1.5,-1.7,0.1,,greenge01
T.J. McConnell,26,PHI,PG,76,3,1470,13.4,0.555,0.100,0.088,2.1,10.2,6.3,24.7,2.5,0.9,17.3,15.0,1.2,1.7,2.9,0.094,-1.8,0.9,-0.9,0.4,,mccontj01
E'Twaun Moore,29,NOP,SG,53,36,1463,11.5,0.567,0.331,0.111,2.5,6.4,4.5,9.5,1.3,0.4,9.6,17.3,1.2,0.5,1.7,0.055,-1.2,-1.1,-2.3,-0.1,,mooreet01
Allonzo Trier,23,NYK,SG,64,3,1459,12.2,0.564,0.255,0.431,2.2,12.2,7.1,12.9,0.9,0.8,15.8,21.5,0.4,0.5,0.9,0.030,-1.6,-1.5,-3.1,-0.4,,trieral01
Bruce Brown,22,DET,SG,74,56,1449,6.9,0.469,0.296,0.191,3.5,10.7,7.0,8.8,1.4,2.1,11.9,11.5,-0.1,1.6,1.5,0.048,-4.4,1.0,-3.3,-0.5,,brownbr01
Ed Davis,29,BRK,C,81,1,1446,17.3,0.632,0.007,0.536,15.8,34.6,25.2,6.0,1.2,1.8,14.6,12.7,3.3,2.5,5.7,0.191,-0.6,0.7,0.0,0.7,6MOY-11,davised01
Wayne Selden,24,2TM,SG,75,13,1439,8.3,0.491,0.360,0.190,2.8,11.0,6.9,11.3,1.1,0.8,13.1,18.4,-1.0,0.8,-0.3,-0.009,-3.8,-1.6,-5.4,-1.2,,seldewa01
Wayne Selden,24,MEM,SG,32,0,455,8.8,0.495,0.391,0.180,3.9,7.0,5.4,12.4,1.1,1.2,11.7,19.3,-0.2,0.3,0.1,0.014,-3.3,-1.1,-4.4,-0.3,,seldewa01
Wayne Selden,24,CHI,SG,43,13,984,8.1,0.489,0.345,0.196,2.3,12.8,7.5,10.8,1.1,0.6,13.8,18.0,-0.8,0.4,-0.4,-0.019,-4.0,-1.8,-5.9,-1.0,,seldewa01
Luke Kennard,22,DET,SG,63,10,1437,11.9,0.560,0.517,0.117,0.9,13.5,7.0,12.3,0.9,0.6,9.4,18.1,1.3,1.3,2.5,0.085,-0.4,-0.6,-1.1,0.3,,kennalu01
Jeremy Lin,30,2TM,PG,74,4,1436,13.5,0.558,0.346,0.388,1.6,11.7,6.6,23.4,1.5,0.8,16.4,21.8,1.2,0.9,2.1,0.070,-1.4,-0.9,-2.2,-0.1,,linje01
Jeremy Lin,30,ATL,PG,51,1,1003,15.9,0.594,0.342,0.435,1.6,11.0,6.2,26.7,1.8,0.6,17.6,22.6,1.5,0.4,1.9,0.092,0.3,-1.0,-0.6,0.3,,linje01
Jeremy Lin,30,TOR,PG,23,3,433,8.2,0.464,0.355,0.271,1.5,13.1,7.5,15.7,1.0,1.1,13.0,19.8,-0.3,0.5,0.2,0.020,-5.4,-0.6,-6.0,-0.4,,linje01
Shaquille Harrison,25,CHI,SG,73,11,1430,12.4,0.494,0.209,0.289,2.5,14.5,8.4,14.1,3.0,1.8,11.1,16.5,-0.1,1.6,1.4,0.048,-2.8,1.5,-1.3,0.2,,harrish01
Lonzo Ball,21,LAL,PG,47,45,1423,11.7,0.487,0.500,0.105,4.0,14.0,9.1,23.8,2.3,1.1,17.8,16.9,-0.2,1.7,1.6,0.052,-1.6,1.3,-0.3,0.6,,balllo01
Maurice Harkless,25,POR,SF,60,53,1415,13.2,0.547,0.309,0.188,5.9,14.1,10.1,7.1,2.3,3.0,9.7,13.9,1.5,1.9,3.4,0.114,-1.0,1.7,0.7,1.0,,harklma01
Tyreke Evans,29,IND,SG,69,18,1402,11.5,0.483,0.327,0.242,2.7,13.0,7.9,17.5,2.0,1.1,13.9,26.4,-1.7,2.0,0.3,0.010,-2.4,-0.3,-2.7,-0.2,,evansty01
Seth Curry,28,POR,SG,74,2,1399,11.4,0.595,0.540,0.112,2.1,6.9,4.6,6.5,1.2,0.7,11.1,16.6,1.5,0.9,2.4,0.082,-0.4,-0.7,-1.0,0.3,,curryse01
Mike Scott,30,2TM,PF,79,3,1395,8.6,0.528,0.600,0.079,3.4,17.2,10.5,6.4,0.9,0.7,9.2,14.4,0.4,1.2,1.6,0.053,-1.9,-0.7,-2.5,-0.2,,scottmi01
Mike Scott,30,LAC,PF,52,0,748,9.4,0.521,0.578,0.078,3.5,20.6,12.3,8.1,1.1,0.8,10.2,14.9,0.1,0.7,0.9,0.055,-1.5,0.0,-1.5,0.1,,scottmi01
Mike Scott,30,PHI,PF,27,3,647,7.7,0.537,0.626,0.079,3.2,13.2,8.3,4.6,0.7,0.6,8.0,13.8,0.2,0.5,0.7,0.052,-2.3,-1.4,-3.7,-0.3,,scottmi01
Derrick Rose,30,MIN,PG,51,13,1392,19.5,0.557,0.194,0.212,2.5,8.3,5.4,26.4,1.1,0.7,9.1,27.3,2.6,0.3,3.0,0.102,3.2,-1.7,1.4,1.2,6MOY-6,rosede01
Kris Dunn,24,CHI,PG,46,44,1389,12.4,0.484,0.190,0.136,1.5,13.3,7.3,30.0,2.4,1.3,16.2,20.1,-0.5,1.2,0.6,0.022,-2.8,0.2,-2.7,-0.2,,dunnkr01
Alec Burks,27,3TM,SG,64,24,1375,12.7,0.523,0.354,0.297,2.3,17.0,9.4,13.7,1.4,1.3,10.8,19.0,0.7,0.8,1.5,0.052,-0.6,-0.7,-1.2,0.3,,burksal01
Alec Burks,27,UTA,SG,17,0,269,12.4,0.547,0.377,0.333,0.8,9.9,5.4,11.2,1.1,1.2,10.3,23.2,0.2,0.3,0.5,0.084,-0.4,-0.2,-0.6,0.1,,burksal01
Alec Burks,27,CLE,SG,34,24,979,13.2,0.517,0.350,0.288,2.8,19.0,10.6,15.0,1.3,1.4,10.7,19.2,0.6,0.3,0.9,0.042,-0.2,-1.2,-1.4,0.1,,burksal01
Alec Burks,27,SAC,SG,13,0,127,9.0,0.495,0.300,0.250,1.6,16.6,8.9,9.5,2.9,0.7,15.3,8.5,0.0,0.2,0.2,0.062,-3.9,2.8,-1.1,0.0,,burksal01
JaMychal Green,28,2TM,PF,65,6,1371,14.7,0.587,0.370,0.212,8.3,24.3,16.4,5.8,1.6,2.3,14.3,19.4,0.9,1.9,2.9,0.101,-1.3,-0.4,-1.7,0.1,,greenja01
JaMychal Green,28,MEM,PF,41,4,900,14.9,0.580,0.308,0.256,8.8,22.8,15.7,6.5,1.8,2.7,15.6,20.4,0.4,1.4,1.8,0.094,-1.8,0.0,-1.8,0.1,,greenja01
JaMychal Green,28,LAC,PF,24,2,471,14.3,0.600,0.488,0.128,7.4,27.3,17.7,4.3,1.2,1.3,11.7,17.6,0.5,0.6,1.1,0.113,-0.3,-1.2,-1.5,0.1,,greenja01
Rajon Rondo,32,LAL,PG,46,29,1369,12.1,0.473,0.329,0.083,2.6,15.5,9.2,35.5,1.9,0.4,22.1,17.4,-0.2,1.5,1.3,0.047,-1.7,0.2,-1.5,0.2,,rondora01
T.J. Warren,25,PHO,SF,43,36,1360,16.3,0.580,0.295,0.203,2.5,11.8,7.1,7.7,1.8,1.8,7.2,22.7,1.6,0.5,2.1,0.074,0.9,-1.1,-0.2,0.6,,warretj01
Mitchell Robinson,20,NYK,C,66,19,1360,22.0,0.692,0.000,0.464,13.3,19.4,16.3,4.2,1.8,10.0,9.1,12.1,4.0,2.2,6.1,0.217,0.1,2.4,2.5,1.6,ROY-8,robinmi01
Juancho Hernangómez,23,DEN,PF,70,25,1358,11.0,0.580,0.576,0.274,5.1,16.1,10.6,5.3,1.0,1.6,9.5,12.2,1.6,1.4,3.0,0.105,-0.9,-0.2,-1.1,0.3,,hernaju01
Zach Collins,21,POR,C,77,0,1356,13.5,0.562,0.303,0.315,8.8,16.5,12.7,7.1,0.9,3.9,14.5,16.6,1.4,1.5,2.9,0.104,-1.5,0.3,-1.2,0.3,,colliza01
OG Anunoby,21,TOR,SF,67,6,1352,9.8,0.544,0.500,0.153,4.8,10.8,7.9,4.7,1.6,1.3,11.3,15.5,0.3,1.7,2.0,0.070,-2.4,0.1,-2.4,-0.1,,anunoog01
Doug McDermott,27,IND,SF,77,1,1340,11.6,0.617,0.488,0.187,1.4,7.5,4.5,7.1,0.7,0.5,8.4,16.3,1.8,1.1,2.9,0.103,-0.5,-0.9,-1.4,0.2,,mcderdo01
Kyle Korver,37,2TM,PF,70,0,1334,11.2,0.582,0.720,0.151,0.7,12.4,6.6,8.9,0.9,0.7,10.3,18.5,1.0,1.3,2.3,0.082,-0.2,-0.3,-0.5,0.5,,korveky01
Kyle Korver,37,CLE,PF,16,0,251,11.3,0.650,0.711,0.211,0.0,13.4,6.4,10.1,0.6,0.7,17.0,17.4,0.2,0.0,0.2,0.043,0.6,-1.3,-0.7,0.1,,korveky01
Kyle Korver,37,UTA,SG,54,0,1083,11.2,0.569,0.722,0.140,0.9,12.2,6.7,8.6,1.0,0.7,8.9,18.7,0.8,1.3,2.0,0.091,-0.4,0.0,-0.4,0.4,,korveky01
Vince Carter,42,ATL,PF,76,9,1330,11.8,0.565,0.675,0.141,2.4,13.2,7.7,9.3,1.5,1.8,8.8,16.7,1.2,0.7,1.9,0.070,-0.4,-0.3,-0.7,0.5,,cartevi01
Jake Layman,24,POR,SF,71,33,1327,13.5,0.594,0.427,0.167,4.6,12.6,8.7,5.6,1.1,1.8,9.2,15.9,1.9,1.2,3.1,0.111,-0.1,-0.3,-0.5,0.5,,laymaja01
Mike Muscala,27,2TM,PF,64,10,1306,10.8,0.564,0.709,0.235,4.7,14.7,9.8,7.7,0.8,2.3,10.8,14.3,1.2,1.2,2.5,0.091,-0.8,-0.3,-1.1,0.3,,muscami01
Mike Muscala,27,PHI,PF,47,6,1041,10.4,0.560,0.716,0.277,5.3,14.7,10.2,7.9,0.8,2.0,12.1,14.3,0.9,1.0,1.9,0.087,-1.1,-0.4,-1.5,0.1,,muscami01
Mike Muscala,27,LAL,PF,17,4,265,12.5,0.578,0.687,0.096,2.4,14.5,8.6,7.1,0.7,3.4,5.5,14.3,0.3,0.3,0.6,0.107,0.3,0.4,0.7,0.2,,muscami01
Tony Snell,27,MIL,SF,74,12,1304,10.7,0.585,0.565,0.116,2.4,9.4,6.1,6.7,0.9,1.2,5.7,12.9,1.6,1.6,3.2,0.117,-1.0,0.3,-0.7,0.4,,snellto01
George Hill,32,2TM,PG,60,13,1302,12.1,0.554,0.407,0.226,3.2,8.3,5.9,14.0,1.9,0.5,11.0,15.1,1.5,1.3,2.8,0.103,-1.9,0.5,-1.4,0.2,,hillge01
George Hill,32,CLE,PG,13,13,344,13.5,0.604,0.262,0.187,3.7,5.1,4.4,16.2,1.7,0.3,14.7,17.3,0.5,0.0,0.5,0.066,-0.7,-1.2,-2.0,0.0,,hillge01
George Hill,32,MIL,PG,47,0,958,11.6,0.534,0.465,0.242,3.0,9.4,6.4,13.3,1.9,0.6,9.4,14.4,1.0,1.4,2.3,0.117,-2.3,1.1,-1.2,0.2,,hillge01
Bobby Portis,23,2TM,PF,50,28,1299,16.1,0.529,0.304,0.154,9.0,24.9,16.8,8.8,1.3,1.3,9.9,24.6,0.5,1.1,1.6,0.060,-0.2,-2.3,-2.4,-0.1,,portibo01
Bobby Portis,23,CHI,PF,22,6,531,17.2,0.529,0.266,0.185,9.3,23.8,16.5,9.2,1.0,1.3,9.0,26.5,0.3,0.4,0.7,0.062,0.5,-2.4,-1.9,0.0,,portibo01
Bobby Portis,23,WAS,PF,28,22,768,15.3,0.530,0.333,0.132,8.8,25.7,17.1,8.4,1.5,1.3,10.6,23.3,0.2,0.7,0.9,0.058,-0.6,-2.2,-2.8,-0.2,,portibo01
Wayne Ellington,31,2TM,SG,53,38,1297,11.8,0.569,0.814,0.107,1.1,7.9,4.5,8.3,2.0,0.4,7.7,17.2,1.3,1.4,2.6,0.097,-0.3,0.3,0.0,0.7,,ellinwa01
Wayne Ellington,31,MIA,SG,25,12,533,10.8,0.547,0.842,0.087,1.2,8.2,4.7,7.8,2.2,0.5,6.8,16.5,0.4,0.6,1.0,0.091,-0.7,0.9,0.2,0.3,,ellinwa01
Wayne Ellington,31,DET,SG,28,26,764,12.5,0.584,0.795,0.121,1.1,7.7,4.3,8.6,1.9,0.3,8.3,17.7,0.9,0.7,1.6,0.102,0.0,-0.1,-0.1,0.4,,ellinwa01
Rodions Kurucs,20,BRK,SF,63,46,1294,11.0,0.545,0.410,0.205,4.6,15.4,10.0,6.0,1.5,1.5,13.6,18.4,0.1,1.5,1.6,0.059,-2.9,0.3,-2.6,-0.2,,kurucro01
Kyle Anderson,25,MEM,SF,43,40,1281,12.8,0.569,0.123,0.232,4.1,18.1,11.0,15.0,2.1,2.7,16.0,12.6,0.8,1.8,2.7,0.100,-1.6,2.4,0.8,0.9,,anderky01
Jakob Poeltl,23,SAS,C,77,24,1273,19.3,0.640,0.000,0.317,15.4,19.7,17.6,10.0,1.1,4.5,12.7,13.1,3.5,1.6,5.1,0.193,1.3,0.7,2.0,1.3,,poeltja01
Markieff Morris,29,2TM,PF,58,16,1270,11.7,0.521,0.419,0.190,5.0,17.5,11.1,8.8,1.3,1.5,9.3,19.1,0.6,1.1,1.6,0.061,-2.1,-0.6,-2.7,-0.2,,morrima02
Markieff Morris,29,WAS,PF,34,15,883,12.3,0.543,0.439,0.223,5.0,16.6,10.7,9.6,1.3,1.9,11.5,19.5,0.4,0.5,0.9,0.051,-1.8,-0.9,-2.7,-0.2,,morrima02
Markieff Morris,29,OKC,PF,24,1,387,10.4,0.475,0.378,0.122,5.2,19.6,12.1,6.8,1.3,0.4,4.1,18.0,0.2,0.5,0.7,0.083,-2.8,0.1,-2.8,-0.1,,morrima02
Jeff Teague,30,MIN,PG,42,41,1264,15.4,0.528,0.252,0.368,1.3,7.7,4.5,37.6,1.6,1.2,16.7,19.3,1.7,0.5,2.2,0.085,0.8,-1.2,-0.4,0.5,,teaguje01
Pat Connaughton,26,MIL,SG,61,2,1261,13.6,0.573,0.571,0.114,5.2,15.0,10.4,12.6,1.2,1.7,8.2,13.3,2.0,1.9,3.9,0.149,0.3,0.8,1.2,1.0,,connapa01
Malik Monk,20,CHO,SG,73,0,1258,11.8,0.518,0.563,0.174,1.3,10.6,5.9,14.3,1.4,1.3,12.0,24.6,-0.4,0.7,0.3,0.012,-1.3,-1.7,-3.0,-0.3,,monkma01
Ish Smith,30,DET,PG,56,0,1251,11.8,0.485,0.276,0.127,1.9,11.1,6.3,25.4,1.1,0.7,10.6,19.9,0.5,1.1,1.7,0.064,-1.6,-0.3,-2.0,0.0,,smithis01
Elfrid Payton,24,NOP,PG,42,42,1250,14.0,0.502,0.255,0.180,4.1,14.0,9.1,33.5,1.6,1.1,20.1,18.3,0.6,0.9,1.5,0.058,-0.7,-0.7,-1.4,0.2,,paytoel01
Shelvin Mack,28,2TM,PG,57,3,1246,10.4,0.489,0.323,0.208,1.6,7.9,4.7,22.6,1.9,0.3,13.0,18.1,-0.2,1.1,0.9,0.034,-2.7,-0.4,-3.0,-0.3,,macksh01
Shelvin Mack,28,MEM,PG,53,3,1204,11.0,0.499,0.329,0.193,1.6,8.0,4.8,23.3,1.9,0.3,12.8,18.0,0.1,1.0,1.1,0.045,-2.3,-0.3,-2.5,-0.1,,macksh01
Shelvin Mack,28,CHO,PG,4,0,42,-6.6,0.251,0.143,0.643,0.0,5.2,2.6,3.0,2.3,0.0,18.2,22.5,-0.3,0.0,-0.3,-0.304,-14.0,-3.9,-17.9,-0.2,,macksh01
Nikola Mirotić,27,2TM,PF,46,25,1245,17.2,0.584,0.587,0.229,5.1,22.6,14.0,6.2,1.2,2.2,7.4,21.4,2.0,1.4,3.5,0.133,2.1,-0.6,1.5,1.1,,mirotni01
Nikola Mirotić,27,NOP,PF,32,22,925,17.5,0.591,0.568,0.248,5.2,24.1,14.8,5.3,1.1,2.2,7.6,21.7,1.6,0.9,2.5,0.129,2.3,-0.9,1.4,0.8,,mirotni01
Nikola Mirotić,27,MIL,PF,14,3,320,16.2,0.562,0.644,0.170,4.7,18.3,11.9,8.6,1.5,2.4,7.0,20.4,0.4,0.6,1.0,0.147,1.6,0.4,2.0,0.3,,mirotni01
Cody Zeller,26,CHO,C,49,47,1243,17.2,0.611,0.064,0.409,9.4,19.7,14.5,12.1,1.5,2.9,13.2,16.3,2.6,1.2,3.9,0.150,-0.6,0.7,0.1,0.7,,zelleco01
Rondae Hollis-Jefferson,24,BRK,SF,59,21,1234,12.5,0.464,0.101,0.376,7.1,19.2,13.2,11.7,1.7,1.7,10.7,21.6,-0.5,1.7,1.2,0.047,-3.0,0.4,-2.6,-0.2,,holliro01
Wes Iwundu,24,ORL,SF,68,13,1233,8.7,0.531,0.288,0.376,3.2,13.0,8.0,7.9,1.1,1.5,12.1,12.8,0.5,1.4,1.9,0.073,-3.8,0.6,-3.2,-0.4,,iwundwe01
Ersan İlyasova,31,MIL,PF,67,7,1231,11.6,0.548,0.420,0.194,8.2,16.2,12.5,5.5,1.2,1.4,10.4,15.7,1.2,1.9,3.0,0.119,-2.4,0.1,-2.3,-0.1,,ilyaser01
James Ennis III,28,2TM,SF,58,27,1230,11.0,0.590,0.531,0.276,5.3,10.9,8.1,4.7,1.6,1.6,9.3,12.7,1.6,1.0,2.6,0.103,-1.4,-0.2,-1.5,0.1,,ennisja01
James Ennis III,28,HOU,SF,40,25,949,11.3,0.622,0.569,0.275,4.2,9.5,6.8,4.1,2.0,1.4,8.9,11.9,1.4,0.8,2.2,0.112,-1.0,0.1,-0.9,0.3,,ennisja01
James Ennis III,28,PHI,SF,18,2,281,9.9,0.510,0.434,0.277,8.9,15.4,12.2,6.7,0.5,2.0,10.6,15.5,0.2,0.2,0.4,0.071,-2.6,-1.1,-3.7,-0.1,,ennisja01
Jared Dudley,33,BRK,PF,59,25,1220,7.8,0.554,0.632,0.192,2.9,10.4,6.7,9.2,1.4,1.0,14.2,10.4,0.6,1.2,1.8,0.070,-2.9,1.1,-1.8,0.1,,dudleja01
Jonas Jerebko,31,GSW,PF,73,6,1218,13.5,0.588,0.530,0.225,6.6,18.1,12.6,10.1,1.1,1.2,9.9,15.2,2.1,1.2,3.3,0.130,-0.3,-0.4,-0.7,0.4,,jerebjo01
Jamal Crawford,38,PHO,SG,64,0,1211,11.7,0.522,0.461,0.251,0.7,7.2,3.9,27.7,1.3,0.8,16.9,20.8,0.1,0.0,0.2,0.006,-1.1,-2.8,-3.9,-0.6,,crawfja01
Stanley Johnson,22,2TM,SF,66,7,1208,9.6,0.485,0.489,0.145,3.0,16.9,9.7,10.6,2.4,1.0,14.7,19.4,-1.1,1.6,0.5,0.021,-3.1,0.9,-2.2,0.0,,johnsst04
Stanley Johnson,22,DET,SF,48,7,961,9.8,0.482,0.519,0.146,2.7,17.7,9.9,9.4,2.5,1.1,12.9,19.1,-0.7,1.4,0.7,0.034,-2.9,1.3,-1.6,0.1,,johnsst04
Stanley Johnson,22,NOP,SF,18,0,247,8.9,0.496,0.374,0.143,3.8,13.7,8.8,15.1,2.3,0.3,21.2,20.4,-0.3,0.2,-0.1,-0.028,-3.9,-0.5,-4.5,-0.2,,johnsst04
Mario Hezonja,23,NYK,SF,58,24,1206,10.8,0.497,0.328,0.246,2.4,18.7,10.4,11.5,2.3,0.6,14.6,21.3,-1.1,1.1,-0.1,-0.003,-3.5,-0.3,-3.8,-0.5,,hezonma01
Robert Covington,28,2TM,SF,35,35,1203,13.3,0.580,0.622,0.246,2.5,14.6,8.5,5.2,2.9,3.2,10.5,15.6,0.9,1.6,2.5,0.100,-0.5,2.1,1.6,1.1,,covinro01
Robert Covington,28,PHI,SF,13,13,440,11.0,0.578,0.658,0.197,1.7,14.0,8.1,4.3,2.6,4.1,14.8,14.2,0.0,0.7,0.7,0.077,-1.7,2.2,0.5,0.3,,covinro01
Robert Covington,28,MIN,SF,22,22,763,14.7,0.580,0.604,0.269,2.9,14.9,8.8,5.8,3.1,2.7,8.4,16.5,0.9,0.9,1.8,0.114,0.1,2.1,2.2,0.8,,covinro01
Tristan Thompson,27,CLE,C,43,40,1198,18.4,0.551,0.000,0.279,15.4,25.7,20.3,11.2,1.2,1.2,12.1,17.7,2.1,0.5,2.6,0.105,1.4,-1.9,-0.5,0.4,,thomptr01
Will Barton,28,DEN,SF,43,38,1189,11.0,0.501,0.426,0.161,2.9,15.3,9.1,14.6,0.7,1.6,11.7,20.0,0.1,1.1,1.2,0.049,-1.1,-0.8,-1.8,0.0,,bartowi01
Richaun Holmes,25,PHO,C,70,4,1184,20.7,0.647,0.000,0.479,10.6,20.5,15.5,7.9,1.7,5.6,10.5,17.9,3.1,1.1,4.3,0.173,0.1,0.5,0.6,0.8,,holmeri01
Michael Kidd-Gilchrist,25,CHO,PF,64,3,1179,13.3,0.553,0.142,0.370,7.9,14.8,11.3,7.4,1.3,2.9,10.0,15.7,1.5,1.0,2.5,0.100,-2.3,-0.1,-2.4,-0.1,,kiddgmi01
Wilson Chandler,31,2TM,SF,51,33,1177,8.5,0.537,0.579,0.092,4.4,14.6,9.7,9.1,1.0,1.4,13.9,11.8,0.5,1.0,1.5,0.062,-2.3,-0.5,-2.8,-0.2,,chandwi01
Wilson Chandler,31,PHI,PF,36,32,951,9.1,0.561,0.570,0.087,5.0,13.4,9.4,9.9,1.1,1.5,15.4,11.2,0.6,0.9,1.5,0.074,-1.8,-0.2,-2.0,0.0,,chandwi01
Wilson Chandler,31,LAC,SF,15,1,226,5.8,0.463,0.606,0.106,1.9,19.5,11.0,5.9,0.6,1.1,9.2,14.2,-0.1,0.2,0.0,0.009,-4.5,-1.6,-6.1,-0.2,,chandwi01
Frank Jackson,20,NOP,PG,61,16,1169,9.4,0.517,0.378,0.163,2.2,9.5,5.9,8.0,1.0,0.1,9.1,18.5,0.1,0.4,0.4,0.018,-2.9,-1.7,-4.6,-0.8,,jacksfr01
James Johnson,31,MIA,PF,55,33,1164,10.9,0.522,0.393,0.185,2.0,14.1,8.0,17.0,1.5,2.1,15.3,17.8,0.0,1.5,1.5,0.062,-2.4,1.1,-1.2,0.2,,johnsja01
Derrick Jones Jr.,21,MIA,SF,60,14,1153,14.0,0.559,0.281,0.377,8.8,13.3,11.1,4.7,1.9,3.3,10.2,15.6,1.2,1.7,2.9,0.121,-1.5,1.0,-0.5,0.4,,jonesde02
Victor Oladipo,26,IND,SG,36,36,1147,17.6,0.519,0.367,0.240,2.1,17.1,9.8,25.2,2.6,0.9,11.2,27.9,0.4,1.9,2.3,0.097,1.8,1.2,2.9,1.4,AS,oladivi01
Dion Waiters,27,MIA,SG,44,28,1138,11.3,0.530,0.605,0.092,0.7,10.2,5.4,16.4,1.2,0.7,11.4,21.1,0.1,1.1,1.2,0.052,-0.5,-0.6,-1.1,0.3,,waitedi01
Allen Crabbe,26,BRK,SG,43,20,1133,7.7,0.519,0.694,0.150,1.5,12.2,6.9,5.8,1.0,0.9,10.4,16.4,-0.2,1.0,0.8,0.035,-2.4,-0.4,-2.8,-0.2,,crabbal01
Norman Powell,25,TOR,SG,60,3,1126,13.3,0.596,0.425,0.188,1.6,11.5,6.7,11.6,1.7,1.0,13.1,19.0,1.0,1.4,2.4,0.102,-0.9,0.2,-0.7,0.4,,powelno01
Trey Burke,26,2TM,PG,58,8,1125,16.5,0.524,0.290,0.226,2.6,6.7,4.6,24.1,1.4,0.5,7.5,24.8,1.4,0.5,1.9,0.081,1.5,-1.4,0.1,0.6,,burketr01
Trey Burke,26,NYK,PG,33,7,689,15.6,0.496,0.240,0.209,2.2,7.3,4.7,23.6,1.5,0.6,6.9,26.1,0.4,0.2,0.6,0.044,0.9,-1.5,-0.6,0.2,,burketr01
Trey Burke,26,DAL,PG,25,1,436,17.9,0.574,0.384,0.258,3.2,5.9,4.5,24.7,1.3,0.4,8.6,22.8,1.0,0.3,1.3,0.140,2.3,-1.2,1.2,0.3,,burketr01
Lance Stephenson,28,LAL,SG,68,3,1123,11.8,0.529,0.456,0.169,3.0,16.5,9.9,17.3,1.7,0.5,15.6,20.3,-0.1,1.2,1.1,0.049,-1.6,0.1,-1.5,0.1,,stephla01
Trey Lyles,23,DEN,PF,64,2,1120,12.7,0.500,0.404,0.234,4.2,19.6,11.9,11.3,1.3,1.8,11.1,23.4,-0.2,1.4,1.2,0.050,-1.8,-0.7,-2.4,-0.1,,lylestr01
Tim Frazier,28,2TM,PG,59,19,1120,11.7,0.544,0.387,0.207,3.9,11.5,7.7,27.6,1.2,0.4,21.1,13.3,1.3,0.7,2.0,0.084,-1.4,-0.4,-1.8,0.1,,fraziti01
Tim Frazier,28,NOP,PG,47,17,909,11.6,0.552,0.395,0.210,3.7,11.8,7.8,28.0,1.3,0.4,22.0,12.3,1.1,0.4,1.5,0.081,-1.2,-0.2,-1.3,0.2,,fraziti01
Tim Frazier,28,MIL,PG,12,2,211,11.8,0.523,0.364,0.197,4.6,10.0,7.5,26.0,1.1,0.4,18.2,17.4,0.2,0.3,0.4,0.097,-2.4,-1.2,-3.6,-0.1,,fraziti01
Wendell Carter Jr.,19,CHI,C,44,44,1110,15.2,0.541,0.086,0.302,8.4,21.8,15.0,10.7,1.1,4.5,13.4,19.1,0.7,1.2,1.9,0.080,-2.2,0.6,-1.6,0.1,,cartewe01
John Wall,28,WAS,PG,32,32,1104,18.0,0.527,0.306,0.317,1.5,10.1,5.7,39.2,2.1,2.2,16.1,28.8,0.5,0.7,1.2,0.051,2.2,-1.4,0.9,0.8,,walljo01
Jonas Valančiūnas,26,2TM,C,49,27,1091,24.4,0.616,0.089,0.344,10.7,31.4,21.1,12.0,0.8,4.4,12.7,28.5,2.2,1.9,4.2,0.183,2.2,0.4,2.7,1.3,,valanjo01
Jonas Valančiūnas,26,TOR,C,30,10,564,24.4,0.639,0.116,0.363,10.6,30.2,20.6,8.5,1.1,3.4,11.5,25.9,1.6,1.1,2.6,0.224,2.3,0.8,3.2,0.7,,valanjo01
Jonas Valančiūnas,26,MEM,C,19,17,527,24.4,0.594,0.065,0.326,10.9,32.7,21.6,15.7,0.6,5.4,13.8,31.4,0.7,0.9,1.5,0.140,2.1,0.0,2.1,0.5,,valanjo01
Ante Žižić,22,CLE,C,59,25,1082,16.2,0.590,0.000,0.399,10.6,22.8,16.4,7.7,0.6,1.8,13.6,18.2,1.7,0.3,2.0,0.087,-1.1,-2.1,-3.2,-0.3,,zizican01
Anthony Tolliver,33,MIN,PF,65,0,1079,8.6,0.571,0.830,0.232,1.5,16.2,8.8,5.5,0.8,1.7,11.2,12.5,0.6,0.5,1.2,0.052,-1.7,-0.7,-2.4,-0.1,,tollian01
Kenrich Williams,24,NOP,SF,46,29,1079,9.7,0.485,0.559,0.068,5.4,15.5,10.5,9.5,1.9,1.4,11.1,12.3,0.3,0.9,1.2,0.053,-2.3,0.4,-1.9,0.0,,willike04
Devin Harris,35,DAL,PG,68,2,1071,10.7,0.527,0.576,0.386,1.2,9.9,5.6,16.7,1.6,1.3,12.1,18.5,0.6,0.9,1.5,0.068,-2.6,0.4,-2.2,-0.1,,harride01
Yogi Ferrell,25,SAC,PG,71,3,1067,12.7,0.550,0.423,0.190,1.2,9.5,5.3,17.0,1.6,0.3,9.5,16.3,1.3,0.6,1.9,0.087,-1.0,-0.4,-1.4,0.2,,ferreyo01
Jonathon Simmons,29,2TM,SG,56,9,1064,8.5,0.466,0.297,0.277,2.7,10.0,6.3,16.7,1.3,1.2,14.8,18.7,-0.8,1.1,0.3,0.013,-3.9,-0.3,-4.2,-0.6,,simmojo02
Jonathon Simmons,29,ORL,SG,41,9,845,7.4,0.445,0.290,0.252,2.9,9.9,6.3,15.7,1.0,1.4,15.0,19.3,-1.0,0.8,-0.2,-0.010,-4.6,-0.5,-5.2,-0.7,,simmojo02
Jonathon Simmons,29,PHI,SF,15,0,219,12.9,0.553,0.328,0.391,2.0,10.3,6.3,20.7,2.4,0.4,13.8,16.7,0.2,0.2,0.5,0.101,-1.3,0.5,-0.8,0.1,,simmojo02
Caris LeVert,24,BRK,SF,40,25,1063,14.9,0.509,0.319,0.255,3.5,11.4,7.5,23.2,1.9,1.0,11.4,24.0,0.5,1.2,1.7,0.077,-0.3,0.5,0.2,0.6,,leverca01
Quinn Cook,25,GSW,PG,74,10,1059,13.1,0.565,0.456,0.059,2.3,13.0,7.9,15.2,0.9,0.2,10.0,20.2,1.0,0.8,1.8,0.082,-0.5,-1.6,-2.1,0.0,,cookqu01
Nerlens Noel,24,OKC,C,77,2,1055,19.3,0.608,0.000,0.286,12.1,20.0,15.9,5.9,2.9,7.7,13.4,13.8,1.9,2.5,4.3,0.198,-1.2,3.3,2.1,1.1,,noelne01
Ivica Zubac,21,2TM,C,59,37,1040,18.9,0.604,0.000,0.332,11.9,24.2,18.2,9.1,0.6,4.0,13.9,20.3,1.9,1.3,3.2,0.148,-0.2,-0.2,-0.5,0.4,,zubaciv01
Ivica Zubac,21,LAL,C,33,12,516,19.4,0.633,0.000,0.342,11.0,21.2,16.2,7.3,0.4,4.3,12.9,20.5,1.1,0.6,1.8,0.165,-0.3,0.1,-0.2,0.2,,zubaciv01
Ivica Zubac,21,LAC,C,26,25,524,18.3,0.574,0.000,0.323,12.7,27.2,20.2,10.9,0.9,3.6,14.8,20.1,0.7,0.7,1.4,0.132,-0.2,-0.5,-0.7,0.2,,zubaciv01
Sterling Brown,23,MIL,SG,58,7,1034,10.9,0.563,0.471,0.135,3.0,14.4,9.0,10.7,1.1,0.7,12.2,15.2,0.7,1.4,2.1,0.098,-1.8,0.3,-1.5,0.1,,brownst02
Gorgui Dieng,29,MIN,C,76,2,1031,18.1,0.572,0.149,0.281,8.3,24.1,16.1,10.3,2.2,3.4,11.9,19.6,1.5,1.3,2.8,0.132,-0.3,0.9,0.6,0.7,,dienggo01
Nik Stauskas,25,2TM,SG,68,0,1015,10.9,0.545,0.556,0.189,1.9,11.7,6.8,11.1,1.0,0.6,12.2,17.6,0.6,0.5,1.1,0.052,-0.7,-1.2,-1.9,0.0,,stausni01
Nik Stauskas,25,POR,SG,44,0,673,10.8,0.545,0.546,0.157,1.6,10.8,6.3,12.6,1.0,0.5,14.0,17.9,0.3,0.4,0.8,0.055,-0.9,-0.8,-1.6,0.1,,stausni01
Nik Stauskas,25,CLE,SG,24,0,342,11.3,0.544,0.578,0.257,2.5,13.2,7.6,8.0,1.0,0.8,8.3,16.9,0.3,0.0,0.3,0.046,-0.5,-2.1,-2.5,0.0,,stausni01
Tony Parker,36,CHO,PG,56,0,1003,15.3,0.512,0.110,0.268,1.5,7.6,4.5,33.3,1.0,0.6,12.7,25.5,0.6,0.3,0.9,0.044,-0.3,-2.3,-2.6,-0.1,,parketo01
Alfonzo McKinnie,26,GSW,SF,72,5,1003,11.2,0.569,0.429,0.175,9.0,16.9,13.1,4.0,0.9,1.3,9.2,13.9,1.2,0.9,2.1,0.100,-2.2,-1.3,-3.5,-0.4,,mckinal01
Goran Dragić,32,MIA,PG,36,22,991,13.9,0.517,0.379,0.233,2.1,9.8,6.0,27.3,1.5,0.5,12.9,23.7,0.6,1.0,1.6,0.079,-0.5,-0.6,-1.1,0.2,,dragigo01
David Nwaba,26,CLE,SF,51,14,984,12.5,0.558,0.286,0.324,4.4,14.4,9.2,8.1,1.8,1.5,8.8,14.6,1.1,0.3,1.4,0.069,-1.8,-0.3,-2.1,0.0,,nwabada01
De'Anthony Melton,20,PHO,PG,50,31,984,9.9,0.466,0.371,0.109,2.8,12.5,7.5,22.3,3.3,1.9,21.8,15.0,-0.8,0.8,0.0,0.002,-3.8,1.1,-2.7,-0.2,,meltode01
Shabazz Napier,27,BRK,PG,56,2,983,15.3,0.534,0.524,0.317,1.9,8.7,5.3,22.2,2.0,1.3,11.7,24.0,1.0,1.0,2.0,0.098,0.9,0.6,1.5,0.9,,napiesh01
Danuel House Jr.,25,HOU,SF,39,13,979,12.2,0.646,0.706,0.282,2.8,13.3,7.9,5.9,1.1,1.0,11.0,14.1,1.6,0.7,2.3,0.113,0.1,-0.5,-0.5,0.4,,houseda01
Ian Clark,27,NOP,SG,60,6,973,8.3,0.502,0.527,0.097,1.4,8.0,4.7,12.9,1.1,0.7,12.7,19.3,-0.4,0.3,-0.1,-0.003,-3.3,-1.8,-5.1,-0.8,,clarkia01
Thon Maker,21,2TM,PF,64,5,972,11.3,0.530,0.571,0.313,4.5,17.4,11.0,6.3,1.0,4.4,9.8,14.8,0.5,1.5,2.0,0.099,-2.2,1.0,-1.2,0.2,,makerth01
Thon Maker,21,MIL,C,35,0,409,12.9,0.546,0.582,0.276,4.5,18.5,11.9,5.8,1.1,3.7,5.7,16.3,0.4,0.7,1.1,0.132,-1.3,1.3,0.0,0.2,,makerth01
Thon Maker,21,DET,PF,29,5,563,10.2,0.514,0.560,0.351,4.5,16.5,10.3,6.7,1.0,5.0,13.4,13.7,0.1,0.8,0.9,0.075,-2.9,0.8,-2.1,0.0,,makerth01
Shaun Livingston,33,GSW,PG,64,0,967,11.7,0.555,0.010,0.243,4.9,7.9,6.5,14.8,1.5,2.3,14.1,12.0,1.2,0.9,2.0,0.101,-1.7,0.7,-1.0,0.2,,livinsh01
Elie Okobo,21,PHO,PG,53,16,958,7.6,0.489,0.455,0.162,1.4,10.1,5.7,18.7,1.6,0.6,18.2,17.0,-0.7,0.2,-0.5,-0.027,-4.2,-1.5,-5.7,-0.9,,okoboel01
Jerian Grant,26,ORL,PG,60,1,939,10.8,0.526,0.500,0.182,2.1,9.1,5.6,22.4,2.3,0.5,17.7,13.4,0.5,1.1,1.7,0.085,-2.9,1.3,-1.6,0.1,,grantje02
Jahlil Okafor,23,NOP,C,59,24,935,17.9,0.603,0.014,0.246,9.2,21.4,15.4,6.3,0.7,3.5,11.5,19.9,1.4,0.8,2.2,0.115,-0.6,-0.9,-1.5,0.1,,okafoja01
Dante Cunningham,31,SAS,PF,64,21,928,10.2,0.585,0.411,0.114,5.7,16.3,11.0,6.8,1.4,1.2,11.7,8.9,1.0,0.9,1.9,0.097,-1.3,0.6,-0.6,0.3,,cunnida01
Daniel Theis,26,BOS,C,66,2,908,17.1,0.624,0.252,0.286,10.2,16.2,13.2,10.5,1.1,4.1,9.9,15.8,2.3,1.2,3.5,0.185,-0.8,0.9,0.0,0.5,,theisda01
Frank Ntilikina,20,NYK,PG,43,16,904,6.0,0.417,0.408,0.106,1.4,8.9,5.0,19.5,1.6,1.3,15.9,16.6,-1.3,0.4,-0.8,-0.045,-5.2,-0.8,-6.0,-0.9,,ntilila01
Cheick Diallo,22,NOP,PF,64,1,896,17.5,0.644,0.015,0.247,8.8,29.3,19.2,5.1,1.5,3.0,14.0,16.0,1.4,1.2,2.6,0.140,-1.1,0.1,-0.9,0.2,,diallch01
Chandler Hutchison,22,CHI,SF,44,14,895,8.8,0.507,0.239,0.182,3.7,18.9,11.2,5.3,1.2,0.6,10.0,12.2,0.0,0.6,0.6,0.030,-3.4,-0.5,-3.9,-0.4,,hutchch01
D.J. Wilson,22,MIL,PF,48,3,882,10.3,0.515,0.506,0.187,5.5,19.2,12.8,7.6,0.9,1.9,10.5,14.4,0.3,1.4,1.7,0.093,-2.4,0.2,-2.2,0.0,,wilsodj01
Meyers Leonard,26,POR,C,61,2,878,15.8,0.675,0.459,0.211,6.1,21.8,14.2,11.8,0.7,0.8,14.0,14.8,2.1,0.9,3.0,0.164,1.5,0.3,1.8,0.8,,leoname01
Zaza Pachulia,34,DET,C,68,3,878,13.7,0.539,0.021,0.642,11.9,21.5,16.5,14.7,1.7,1.6,18.7,15.0,1.1,1.3,2.3,0.128,-2.8,1.6,-1.2,0.2,,pachuza01
Solomon Hill,27,NOP,SF,44,15,878,6.8,0.497,0.567,0.180,4.1,11.5,7.8,7.6,1.2,0.9,13.9,10.4,0.1,0.4,0.5,0.029,-3.1,-0.4,-3.6,-0.3,,hillso01
Tyson Chandler,36,2TM,C,55,6,875,11.2,0.630,0.010,0.879,11.1,25.3,18.3,5.3,1.1,2.2,23.4,8.5,0.9,1.2,2.1,0.114,-2.9,0.8,-2.1,0.0,,chandty01
Tyson Chandler,36,PHO,C,7,0,89,11.5,0.653,0.000,1.500,8.6,40.5,24.3,9.1,1.1,0.9,26.0,13.0,0.1,0.1,0.2,0.092,-4.8,0.2,-4.6,-0.1,,chandty01
Tyson Chandler,36,LAL,C,48,6,786,11.2,0.626,0.011,0.793,11.4,23.6,17.6,4.8,1.1,2.3,23.0,8.0,0.9,1.1,1.9,0.117,-2.7,0.9,-1.8,0.0,,chandty01
Patrick Patterson,29,OKC,PF,63,5,861,8.1,0.493,0.626,0.137,4.9,13.0,8.8,4.6,0.9,1.3,8.7,12.0,0.2,0.9,1.1,0.064,-2.0,-0.4,-2.5,-0.1,,pattepa01
C.J. Miles,31,2TM,SF,53,1,856,9.0,0.504,0.653,0.186,1.7,10.3,6.1,6.0,1.5,1.5,8.2,18.6,-0.2,0.9,0.7,0.041,-2.4,-0.5,-2.9,-0.2,,milescj01
C.J. Miles,31,TOR,SF,40,1,562,8.0,0.484,0.665,0.214,2.4,10.5,6.5,5.2,1.5,1.5,8.5,18.8,-0.3,0.7,0.4,0.035,-3.2,-0.4,-3.6,-0.2,,milescj01
C.J. Miles,31,MEM,SF,13,0,294,10.8,0.544,0.629,0.133,0.4,10.1,5.2,7.4,1.4,1.6,7.5,18.3,0.1,0.3,0.3,0.054,-0.8,-0.8,-1.5,0.0,,milescj01
Antonio Blakeney,22,CHI,SG,57,3,829,10.6,0.487,0.230,0.192,0.9,13.1,6.9,8.2,0.7,0.9,7.5,24.5,-0.8,0.3,-0.5,-0.030,-2.4,-2.7,-5.2,-0.7,,blakean01
Dragan Bender,21,PHO,PF,46,27,826,9.5,0.521,0.513,0.274,4.5,20.3,12.3,9.4,1.0,2.2,14.4,13.4,0.0,0.4,0.5,0.027,-3.4,-0.8,-4.1,-0.5,,bendedr01
Aron Baynes,32,BOS,C,51,18,821,14.1,0.567,0.274,0.278,11.4,19.8,15.6,9.3,0.7,3.7,13.8,15.3,1.3,1.1,2.3,0.136,-1.8,0.3,-1.5,0.1,,baynear01
Harry Giles,20,SAC,PF,58,0,820,14.4,0.526,0.017,0.261,8.1,20.1,14.0,15.2,1.8,2.3,15.8,23.2,0.0,1.0,1.0,0.056,-3.4,0.4,-3.0,-0.2,,gilesha01
Willy Hernangómez,24,CHO,C,58,3,812,20.4,0.587,0.132,0.488,15.3,26.3,20.7,11.5,1.0,2.1,13.9,22.1,1.8,0.8,2.6,0.153,1.1,-1.1,-0.1,0.4,,hernawi01
Matthew Dellavedova,28,2TM,PG,48,0,812,11.1,0.532,0.537,0.215,0.8,9.9,5.2,31.9,0.8,0.2,20.4,17.9,0.5,0.0,0.5,0.028,-1.7,-2.8,-4.4,-0.5,,dellama01
Matthew Dellavedova,28,MIL,PG,12,0,97,7.5,0.482,0.579,0.211,0.0,9.9,5.2,35.7,1.0,0.0,34.6,13.7,0.0,0.1,0.1,0.043,-3.5,-0.6,-4.1,-0.1,,dellama01
Matthew Dellavedova,28,CLE,PG,36,0,715,11.5,0.537,0.534,0.215,0.9,9.9,5.2,31.3,0.8,0.2,18.9,18.4,0.5,-0.1,0.4,0.026,-1.4,-3.0,-4.5,-0.4,,dellama01
Omari Spellman,21,ATL,PF,46,11,805,12.4,0.516,0.525,0.184,9.2,16.3,12.7,8.0,1.5,2.7,10.5,14.9,0.6,0.5,1.2,0.070,-0.5,-0.7,-1.2,0.2,,spellom01
Bruno Caboclo,23,MEM,PF,34,19,800,12.4,0.571,0.578,0.222,5.8,16.5,11.1,9.4,0.9,3.9,13.3,15.9,0.6,0.9,1.5,0.090,-1.1,0.1,-1.1,0.2,,cabocbr01
Dirk Nowitzki,40,DAL,PF,51,20,795,9.6,0.469,0.545,0.133,0.7,20.5,10.6,6.9,0.5,1.9,4.3,22.5,-0.5,0.8,0.3,0.016,-2.7,-1.2,-3.9,-0.4,AS,nowitdi01
Sam Dekker,24,2TM,PF,47,5,788,13.3,0.519,0.242,0.180,7.2,13.5,10.2,8.3,2.3,0.7,8.0,16.2,0.6,0.5,1.0,0.064,-1.0,-0.7,-1.8,0.1,,dekkesa01
Sam Dekker,24,CLE,PF,9,5,169,14.0,0.544,0.271,0.208,5.7,16.5,10.8,7.9,3.2,0.0,8.7,14.9,0.2,0.1,0.3,0.080,-0.9,-0.1,-1.1,0.0,,dekkesa01
Sam Dekker,24,WAS,PF,38,0,619,13.2,0.514,0.236,0.173,7.6,12.6,10.1,8.4,2.1,1.0,7.8,16.6,0.4,0.4,0.8,0.059,-1.0,-0.9,-1.9,0.0,,dekkesa01
Jordan Bell,24,GSW,C,68,3,788,12.9,0.531,0.010,0.214,7.8,16.7,12.5,12.3,1.2,5.4,16.7,13.7,0.5,1.1,1.6,0.096,-2.2,1.3,-0.9,0.2,,belljo01
Luke Kornet,23,NYK,C,46,18,784,14.8,0.531,0.682,0.163,3.6,14.6,9.0,10.5,1.7,4.5,7.6,17.9,0.6,0.7,1.4,0.083,1.4,0.7,2.0,0.8,,kornelu01
Bismack Biyombo,26,CHO,C,54,32,783,14.4,0.602,0.000,0.583,11.0,23.3,17.0,5.9,0.7,4.6,14.8,12.7,1.2,0.8,2.0,0.125,-2.4,0.0,-2.5,-0.1,,biyombi01
Lance Thomas,30,NYK,PF,46,17,783,6.4,0.482,0.401,0.183,2.7,13.1,7.8,5.0,1.0,0.8,10.1,12.9,-0.3,0.3,0.1,0.004,-4.8,-0.9,-5.7,-0.7,,thomala01
DeMarcus Cousins,28,GSW,C,30,30,771,21.4,0.562,0.256,0.388,6.2,27.0,17.1,20.4,2.5,4.8,14.2,28.1,0.9,1.5,2.4,0.151,0.4,2.6,3.0,1.0,,couside01
Mo Bamba,20,ORL,C,47,1,766,14.9,0.539,0.288,0.259,8.8,24.0,16.3,7.4,0.8,7.0,13.7,17.8,0.3,1.4,1.7,0.106,-2.8,1.4,-1.4,0.1,,bambamo01
Troy Daniels,27,PHO,SG,51,1,760,9.8,0.558,0.705,0.084,1.9,8.9,5.3,5.0,1.6,0.5,8.7,17.6,0.2,0.1,0.3,0.020,-1.7,-2.0,-3.7,-0.3,,danietr01
Dwayne Bacon,23,CHO,SG,43,13,759,11.7,0.570,0.339,0.179,1.1,11.7,6.3,9.2,0.8,0.6,6.1,16.8,0.9,0.3,1.2,0.073,-2.1,-1.6,-3.7,-0.3,,bacondw01
Frank Kaminsky,25,CHO,C,47,0,755,16.8,0.587,0.466,0.359,5.5,18.1,11.7,12.9,0.8,1.4,10.6,22.1,1.3,0.5,1.8,0.114,1.4,-1.1,0.3,0.4,,kaminfr01
J.J. Barea,34,DAL,PG,38,0,752,16.3,0.495,0.332,0.203,1.9,11.6,6.8,47.5,1.4,0.1,14.7,28.1,0.4,0.6,1.0,0.064,1.2,-1.8,-0.6,0.3,,bareajo01
Marcin Gortat,34,LAC,C,47,43,751,12.8,0.562,0.000,0.258,9.8,26.5,18.4,12.0,0.4,2.5,19.4,14.4,0.6,0.8,1.4,0.089,-1.7,0.4,-1.3,0.1,,gortama01
Cristiano Felício,26,CHI,C,60,0,746,13.4,0.568,0.022,0.408,11.4,20.5,15.9,7.2,0.7,0.8,13.5,14.3,0.9,0.4,1.4,0.088,-2.0,-2.1,-4.1,-0.4,,feliccr01
Chasson Randle,25,WAS,PG,49,2,743,9.9,0.555,0.530,0.286,1.4,6.8,4.1,17.5,1.6,0.3,15.0,16.4,0.4,0.2,0.6,0.041,-2.7,-1.3,-4.0,-0.4,,randlch01
Brandon Knight,27,2TM,PG,39,26,736,8.9,0.484,0.496,0.131,1.4,7.7,4.4,14.4,1.4,0.2,9.8,18.1,-0.1,0.0,0.0,-0.002,-3.5,-2.0,-5.4,-0.6,,knighbr03
Brandon Knight,27,HOU,PG,12,0,118,0.8,0.347,0.681,0.234,0.9,7.7,4.2,10.6,0.8,0.0,8.8,20.9,-0.3,0.0,-0.3,-0.113,-9.5,-2.9,-12.4,-0.3,,knighbr03
Brandon Knight,27,CLE,PG,27,26,618,10.5,0.515,0.455,0.108,1.5,7.7,4.5,15.1,1.5,0.3,10.1,17.6,0.3,0.0,0.2,0.019,-2.3,-1.8,-4.1,-0.3,,knighbr03
Troy Brown Jr.,19,WAS,SF,52,10,730,11.1,0.487,0.295,0.201,5.1,16.6,10.8,14.9,1.4,0.6,10.5,16.5,0.2,0.4,0.6,0.039,-1.7,-1.0,-2.7,-0.1,,browntr01
Kenneth Faried,29,2TM,C,37,13,728,21.6,0.622,0.094,0.374,14.4,23.4,18.8,4.6,1.1,2.7,9.7,20.3,2.1,0.9,2.9,0.193,1.3,-1.5,-0.2,0.3,,farieke01
Kenneth Faried,29,BRK,C,12,0,118,20.5,0.622,0.119,0.381,13.4,25.7,19.6,2.8,0.8,2.7,10.9,19.6,0.2,0.2,0.4,0.168,1.5,-1.1,0.4,0.1,,farieke01
Kenneth Faried,29,HOU,C,25,13,610,21.8,0.622,0.090,0.372,14.6,23.0,18.7,4.9,1.2,2.6,9.4,20.4,1.8,0.7,2.5,0.198,1.3,-1.6,-0.4,0.3,,farieke01
Ivan Rabb,21,MEM,PF,49,13,721,16.1,0.586,0.071,0.325,10.7,21.5,16.0,12.0,1.2,1.8,12.6,17.2,1.2,0.9,2.1,0.137,-1.1,-0.3,-1.4,0.1,,rabbiv01
Treveon Graham,25,BRK,SG,35,21,715,6.1,0.458,0.670,0.115,3.4,12.3,7.9,6.5,0.9,0.8,7.8,12.8,-0.1,0.6,0.5,0.033,-3.7,0.0,-3.7,-0.3,,grahatr01
Cameron Payne,24,2TM,PG,40,13,712,11.5,0.519,0.377,0.184,2.0,9.2,5.5,21.8,1.9,1.1,15.7,17.6,0.1,0.3,0.5,0.031,-2.3,-0.7,-3.0,-0.2,,payneca01
Cameron Payne,24,CHI,PG,31,12,536,10.3,0.492,0.351,0.149,2.0,8.8,5.4,22.4,1.8,1.0,16.0,17.4,-0.1,0.3,0.2,0.014,-3.1,-0.7,-3.8,-0.2,,payneca01
Cameron Payne,24,CLE,PG,9,1,176,15.3,0.596,0.455,0.291,1.8,10.6,6.0,20.0,2.3,1.5,15.1,18.1,0.2,0.1,0.3,0.082,0.1,-0.8,-0.7,0.1,,payneca01
Tyler Dorsey,22,2TM,SG,48,11,698,11.2,0.509,0.500,0.231,4.2,13.7,8.9,12.4,1.0,0.3,8.5,19.7,0.2,0.4,0.6,0.043,-1.4,-2.1,-3.5,-0.3,,dorsety01
Tyler Dorsey,22,ATL,SG,27,0,251,7.8,0.448,0.438,0.292,3.7,14.6,9.0,9.3,1.3,0.3,9.1,17.9,-0.2,0.1,-0.1,-0.010,-3.4,-1.5,-4.9,-0.2,,dorsety01
Tyler Dorsey,22,MEM,SG,21,11,447,13.1,0.541,0.531,0.200,4.4,13.3,8.8,14.2,0.8,0.2,8.2,20.7,0.4,0.3,0.7,0.073,-0.3,-2.4,-2.7,-0.1,,dorsety01
Abdel Nader,25,OKC,SF,61,1,694,8.8,0.522,0.465,0.167,2.0,15.7,8.6,3.8,1.3,1.5,10.1,15.1,0.0,0.9,0.9,0.062,-3.6,0.3,-3.2,-0.2,,naderab01
Joakim Noah,33,MEM,C,42,1,693,18.6,0.571,0.005,0.512,9.2,29.6,19.3,20.6,1.4,4.2,16.1,20.0,1.0,1.2,2.2,0.150,-0.3,2.4,2.1,0.7,,noahjo01
Boban Marjanović,30,2TM,C,58,12,681,24.2,0.664,0.038,0.504,14.0,26.9,20.6,12.8,1.1,3.1,15.7,23.3,2.1,0.9,3.0,0.212,2.8,0.3,3.2,0.9,,marjabo01
Boban Marjanović,30,LAC,C,36,9,376,24.9,0.666,0.014,0.679,16.0,26.5,21.4,9.3,1.4,3.6,16.9,24.6,1.2,0.5,1.7,0.217,2.6,0.4,3.1,0.5,,marjabo01
Boban Marjanović,30,PHI,C,22,3,305,23.3,0.663,0.067,0.300,11.4,27.3,19.6,17.1,0.8,2.6,13.9,21.7,0.9,0.4,1.3,0.204,3.0,0.3,3.3,0.4,,marjabo01
Furkan Korkmaz,21,PHI,SG,48,7,679,11.4,0.528,0.588,0.180,2.6,13.8,8.3,10.7,2.0,0.2,8.6,17.9,0.4,0.7,1.1,0.079,-1.6,-0.2,-1.8,0.0,,korkmfu01
Devonte' Graham,23,CHO,PG,46,3,676,10.3,0.459,0.560,0.213,1.6,8.6,5.0,24.8,1.7,0.3,11.3,17.0,0.2,0.3,0.5,0.035,-2.6,-1.3,-4.0,-0.3,,grahade01
Timothé Luwawu-Cabarrot,23,2TM,SF,50,7,669,8.0,0.489,0.532,0.188,1.7,14.1,7.8,5.5,1.4,1.0,8.2,16.6,-0.3,0.5,0.2,0.015,-4.1,-1.1,-5.2,-0.5,,luwawti01
Timothé Luwawu-Cabarrot,23,OKC,SF,21,1,123,3.4,0.383,0.512,0.140,3.3,12.1,7.6,4.2,1.5,0.7,9.9,16.8,-0.2,0.1,-0.1,-0.033,-7.0,-0.1,-7.1,-0.2,,luwawti01
Timothé Luwawu-Cabarrot,23,CHI,SF,29,6,546,9.0,0.515,0.537,0.200,1.4,14.5,7.9,5.8,1.3,1.1,7.8,16.5,0.0,0.3,0.3,0.026,-3.4,-1.3,-4.7,-0.4,,luwawti01
Dante Exum,23,UTA,PG,42,1,664,11.2,0.516,0.257,0.357,2.7,8.3,5.5,24.1,1.0,0.6,15.7,21.3,0.2,0.7,1.0,0.069,-2.0,-0.1,-2.1,0.0,,exumda01
Jerryd Bayless,30,MIN,PG,34,6,657,8.5,0.431,0.426,0.122,1.8,8.4,5.0,24.6,1.3,0.3,11.7,17.6,-0.2,0.2,0.0,-0.003,-2.9,-1.7,-4.6,-0.4,,bayleje01
Aaron Holiday,22,IND,PG,50,0,646,11.9,0.518,0.485,0.191,0.9,10.4,5.8,19.3,1.6,1.8,12.3,21.9,0.1,0.8,0.9,0.065,-1.7,0.1,-1.6,0.1,,holidaa01
Khem Birch,26,ORL,C,50,1,643,19.2,0.640,0.007,0.550,13.0,18.8,15.8,8.5,1.4,3.8,9.6,14.1,1.8,1.0,2.8,0.212,0.1,1.0,1.2,0.5,,birchkh01
Gary Clark,24,HOU,PF,51,2,641,9.2,0.480,0.914,0.046,4.1,16.2,10.0,3.8,1.5,3.5,4.3,10.9,0.3,0.7,1.0,0.071,-1.1,0.4,-0.7,0.2,,clarkga01
Jonah Bolden,23,PHI,PF,44,10,639,12.7,0.595,0.593,0.167,8.0,19.0,13.7,8.5,1.3,4.8,17.2,13.8,0.5,0.9,1.4,0.106,-1.8,1.1,-0.7,0.2,,boldejo01
José Calderón,37,DET,PG,49,0,632,7.1,0.453,0.475,0.092,1.8,8.8,5.2,24.9,1.2,0.4,21.9,10.9,0.0,0.5,0.6,0.043,-4.2,0.3,-3.9,-0.3,,caldejo01
Isaiah Canaan,27,3TM,PG,30,16,629,8.0,0.518,0.585,0.146,1.0,9.2,5.1,18.2,1.1,0.3,16.7,14.2,0.0,0.1,0.1,0.008,-2.7,-1.4,-4.1,-0.3,,canaais01
Isaiah Canaan,27,PHO,PG,19,15,503,7.3,0.515,0.558,0.155,1.1,9.8,5.4,17.0,1.1,0.0,17.4,14.2,-0.1,0.0,-0.1,-0.007,-3.3,-1.4,-4.6,-0.3,,canaais01
Isaiah Canaan,27,MIN,PG,7,1,95,12.3,0.536,0.655,0.138,0.0,5.7,2.8,26.9,1.0,0.9,11.5,15.4,0.1,0.0,0.2,0.079,0.7,-2.0,-1.3,0.0,,canaais01
Isaiah Canaan,27,MIL,PG,4,0,31,5.2,0.500,0.833,0.000,3.5,9.3,6.6,11.6,0.0,2.7,25.0,10.8,0.0,0.0,0.0,0.030,-3.3,-0.7,-4.0,0.0,,canaais01
Tyrone Wallace,24,LAC,PG,62,0,628,7.0,0.450,0.088,0.263,3.5,13.2,8.5,9.5,1.6,0.9,12.9,18.7,-0.8,0.5,-0.3,-0.023,-5.6,-0.8,-6.4,-0.7,,wallaty01
Glenn Robinson III,25,DET,SF,47,18,610,8.7,0.511,0.352,0.227,2.9,10.0,6.4,5.1,1.1,1.1,8.5,15.0,0.1,0.6,0.7,0.054,-2.8,-0.1,-3.0,-0.2,,robingl02
Thabo Sefolosha,34,UTA,SF,50,2,609,12.1,0.599,0.523,0.148,1.4,20.1,10.9,6.1,3.4,0.7,13.6,12.9,0.2,1.2,1.5,0.115,-1.6,3.1,1.5,0.5,,sefolth01
Kevin Love,30,CLE,PF,22,21,598,19.5,0.561,0.519,0.403,5.9,40.0,22.2,12.8,0.5,0.7,11.2,27.4,1.0,0.4,1.3,0.106,3.3,-1.6,1.6,0.6,,loveke01
Semi Ojeleye,24,BOS,PF,56,3,594,8.5,0.531,0.563,0.247,4.3,11.2,7.7,5.1,0.8,0.6,9.8,14.1,0.2,0.5,0.7,0.054,-2.8,-1.2,-4.0,-0.3,,ojelese01
Álex Abrines,25,OKC,SG,31,2,588,6.3,0.507,0.809,0.083,0.9,7.8,4.2,4.3,1.3,0.9,7.9,12.2,0.1,0.6,0.6,0.053,-3.7,0.4,-3.3,-0.2,,abrinal01
Jevon Carter,23,MEM,PG,39,3,577,7.8,0.432,0.551,0.173,2.7,10.3,6.4,17.4,2.2,1.8,14.2,18.0,-0.7,0.7,0.0,-0.003,-4.1,0.1,-4.0,-0.3,,carteje01
Isaiah Briscoe,22,ORL,PG,39,0,559,6.7,0.455,0.246,0.188,0.9,13.4,7.1,21.0,1.0,0.3,17.2,14.1,-0.3,0.5,0.3,0.023,-5.4,0.4,-5.0,-0.4,,briscis01
Nenê,36,HOU,C,42,2,546,11.9,0.552,0.026,0.405,6.7,18.4,12.5,6.8,1.6,2.3,7.4,11.7,0.8,0.6,1.4,0.123,-3.1,0.9,-2.2,0.0,,hilarne01
Wesley Johnson,31,2TM,SF,38,13,534,5.5,0.469,0.594,0.148,2.4,11.7,7.1,5.3,1.2,1.9,11.7,12.0,-0.3,0.3,0.0,0.001,-4.3,-0.5,-4.8,-0.4,,johnswe01
Wesley Johnson,31,NOP,SF,26,13,377,6.9,0.517,0.568,0.102,2.8,11.9,7.4,5.2,1.5,1.5,11.5,11.3,0.0,0.2,0.3,0.032,-3.4,0.3,-3.1,-0.1,,johnswe01
Wesley Johnson,31,WAS,SF,12,0,157,2.0,0.372,0.650,0.250,1.4,11.2,6.2,5.6,0.6,2.7,11.9,13.6,-0.3,0.0,-0.2,-0.075,-6.5,-2.4,-8.9,-0.3,,johnswe01
Alex Caruso,24,LAL,PG,25,4,531,13.9,0.569,0.289,0.370,4.0,9.0,6.5,19.7,2.1,1.4,17.3,19.0,0.5,0.6,1.0,0.093,-1.0,0.7,-0.2,0.2,,carusal01
Amir Johnson,31,PHI,C,51,6,529,13.1,0.574,0.255,0.261,9.7,19.5,14.7,16.0,1.4,1.9,20.5,17.4,0.4,0.7,1.1,0.098,-2.9,0.6,-2.3,0.0,,johnsam01
Hamidou Diallo,20,OKC,SG,51,3,526,10.1,0.497,0.145,0.358,7.2,12.0,9.5,4.4,1.9,1.6,10.7,16.6,0.1,0.7,0.8,0.069,-4.4,0.2,-4.2,-0.3,,diallha01
T.J. Leaf,21,IND,PF,58,1,522,16.9,0.572,0.169,0.169,9.3,17.1,13.3,6.9,0.8,3.2,5.8,17.5,0.9,0.7,1.6,0.148,0.3,-0.6,-0.3,0.2,,leaftj01
Omri Casspi,30,MEM,SF,36,0,520,15.7,0.606,0.267,0.360,3.6,21.5,12.4,8.1,1.9,1.6,11.0,18.0,0.6,0.7,1.3,0.119,-0.3,0.7,0.4,0.3,,casspom01
Georges Niang,25,UTA,PF,59,0,516,13.0,0.613,0.580,0.133,2.4,15.7,9.1,10.1,0.9,0.9,10.7,17.8,0.7,0.7,1.3,0.123,-0.2,0.2,0.0,0.3,,niangge01
Keita Bates-Diop,23,MIN,SF,30,3,503,9.6,0.489,0.366,0.197,3.4,14.4,8.8,4.6,1.7,2.4,8.3,14.1,0.0,0.4,0.3,0.032,-2.8,-0.6,-3.4,-0.2,,bateske01
Kosta Koufos,29,SAC,C,42,1,502,12.3,0.477,0.000,0.157,10.4,26.3,18.2,9.5,1.4,3.1,14.2,15.7,0.0,0.7,0.7,0.063,-3.6,0.2,-3.4,-0.2,,koufoko01
Marquese Chriss,21,2TM,PF,43,2,499,9.2,0.455,0.400,0.250,8.6,23.6,15.8,6.5,1.7,1.9,15.3,20.6,-0.6,0.4,-0.2,-0.023,-5.7,-1.9,-7.5,-0.7,,chrisma01
Marquese Chriss,21,HOU,PF,16,0,104,3.4,0.391,0.441,0.206,7.3,22.8,14.9,8.2,0.9,3.3,24.4,20.5,-0.3,0.1,-0.2,-0.101,-9.6,-1.7,-11.2,-0.2,,chrisma01
Marquese Chriss,21,CLE,PF,27,2,395,10.7,0.470,0.390,0.260,8.9,23.8,16.0,6.1,1.9,1.5,12.9,20.7,-0.3,0.2,0.0,-0.003,-4.6,-1.9,-6.6,-0.5,,chrisma01
Ian Mahinmi,32,WAS,C,34,6,498,12.0,0.531,0.154,0.587,10.3,17.7,13.9,6.5,2.4,2.7,13.8,12.9,0.5,0.5,1.0,0.092,-3.5,0.6,-3.0,-0.1,,mahinia01
Chandler Parsons,30,MEM,SF,25,3,496,8.5,0.484,0.516,0.137,0.9,15.2,7.9,13.4,1.9,1.0,14.2,20.3,-0.6,0.6,0.0,-0.004,-3.9,-0.5,-4.4,-0.3,,parsoch01
Corey Brewer,32,2TM,SF,31,3,492,11.6,0.532,0.358,0.350,5.4,10.7,8.0,10.2,3.0,1.2,11.8,13.6,0.4,0.6,1.0,0.095,-2.9,1.6,-1.3,0.1,,breweco01
Corey Brewer,32,PHI,SF,7,3,140,10.8,0.484,0.286,0.265,3.1,9.6,6.4,10.0,4.0,1.1,12.8,18.8,-0.1,0.2,0.1,0.044,-5.1,1.5,-3.6,-0.1,,breweco01
Corey Brewer,32,SAC,SF,24,0,352,12.0,0.562,0.405,0.405,6.3,11.1,8.6,10.3,2.6,1.2,11.2,11.5,0.5,0.4,0.8,0.115,-2.0,1.6,-0.4,0.1,,breweco01
Greg Monroe,28,3TM,C,43,2,480,16.0,0.521,0.026,0.381,15.4,22.9,19.3,8.1,1.4,1.4,12.7,22.6,0.4,0.7,1.1,0.108,-2.0,-1.3,-3.2,-0.1,,monrogr01
Greg Monroe,28,TOR,C,38,2,423,13.5,0.487,0.025,0.379,15.7,23.8,19.9,5.4,1.5,1.6,14.2,22.2,-0.1,0.7,0.6,0.071,-3.5,-1.4,-5.0,-0.3,,monrogr01
Greg Monroe,28,BOS,C,2,0,5,60.5,0.600,0.000,0.000,63.9,0.0,32.0,73.4,0.0,0.0,0.0,43.3,0.1,0.0,0.1,0.535,28.0,-2.8,25.2,0.0,,monrogr01
Greg Monroe,28,PHI,C,3,0,52,31.7,0.736,0.043,0.478,8.4,17.8,13.2,23.5,0.9,0.0,3.5,23.2,0.4,0.0,0.4,0.370,7.8,0.4,8.2,0.1,,monrogr01
Raul Neto,26,UTA,PG,37,1,474,13.4,0.558,0.373,0.205,1.4,12.6,7.1,28.7,1.4,0.7,16.6,19.0,0.5,0.6,1.1,0.116,-1.1,0.8,-0.3,0.2,,netora01
Justin Anderson,25,ATL,SF,48,4,463,11.2,0.516,0.490,0.223,5.3,13.9,9.5,6.9,2.2,2.4,11.8,17.2,0.1,0.4,0.4,0.043,-2.4,-0.3,-2.7,-0.1,,anderju01
Ryan Broekhoff,28,DAL,SG,42,0,453,10.7,0.621,0.738,0.151,1.9,12.9,7.4,7.2,0.6,0.8,10.6,14.3,0.5,0.3,0.8,0.086,-0.5,-0.5,-1.0,0.1,,broekry01
Moritz Wagner,21,LAL,C,43,5,446,10.1,0.533,0.450,0.310,4.0,15.4,9.8,7.4,1.1,2.4,16.7,21.7,-0.3,0.5,0.2,0.020,-3.9,-0.4,-4.3,-0.3,,wagnemo01
Svi Mykhailiuk,21,2TM,SF,42,0,440,6.0,0.447,0.636,0.143,2.2,6.2,4.2,10.9,1.5,0.2,12.4,16.0,-0.4,0.3,-0.1,-0.012,-3.9,-1.1,-5.0,-0.3,,mykhasv01
Svi Mykhailiuk,21,LAL,SF,39,0,420,5.8,0.451,0.644,0.152,2.0,6.3,4.2,10.1,1.4,0.2,12.4,15.9,-0.4,0.3,-0.1,-0.013,-4.1,-1.1,-5.2,-0.3,,mykhasv01
Svi Mykhailiuk,21,DET,SF,3,0,20,9.8,0.375,0.500,0.000,5.3,5.7,5.5,28.5,2.5,0.0,11.1,19.4,0.0,0.0,0.0,0.016,0.6,-1.1,-0.5,0.0,,mykhasv01
Jaron Blossomgame,25,CLE,SF,27,4,439,10.2,0.510,0.368,0.123,6.3,19.1,12.4,4.2,0.8,1.6,9.0,12.2,0.2,0.1,0.3,0.030,-1.9,-1.8,-3.8,-0.2,,blossja01
Frank Mason III,24,SAC,PG,38,0,435,12.4,0.502,0.379,0.337,1.4,9.0,5.1,26.3,1.7,0.8,15.6,21.8,0.0,0.3,0.3,0.033,-1.9,-1.3,-3.1,-0.1,,masonfr01
Jaylen Adams,22,ATL,PG,34,1,428,7.6,0.474,0.673,0.082,2.6,12.3,7.4,19.8,1.5,1.0,19.7,13.5,-0.1,0.2,0.1,0.011,-3.8,-0.5,-4.3,-0.2,,adamsja01
Courtney Lee,33,2TM,SG,34,6,428,10.3,0.492,0.426,0.163,2.2,11.2,6.7,12.8,2.4,0.6,9.2,15.3,0.1,0.4,0.4,0.050,-3.4,0.8,-2.5,-0.1,,leeco01
Courtney Lee,33,NYK,SG,12,2,160,13.7,0.527,0.340,0.298,3.8,14.1,8.8,15.1,2.4,1.1,8.6,15.5,0.2,0.1,0.3,0.087,-1.8,1.1,-0.8,0.0,,leeco01
Courtney Lee,33,DAL,SG,22,4,268,8.3,0.470,0.476,0.085,1.2,9.5,5.4,11.4,2.4,0.3,9.6,15.1,-0.1,0.3,0.2,0.028,-4.3,0.7,-3.6,-0.1,,leeco01
Markelle Fultz,20,PHI,SG,19,15,427,10.5,0.452,0.090,0.239,6.6,10.6,8.7,19.5,1.9,0.9,12.7,19.3,-0.1,0.4,0.3,0.035,-3.3,0.2,-3.1,-0.1,,fultzma01
Grayson Allen,23,UTA,SG,38,2,416,7.5,0.516,0.556,0.337,0.8,5.1,3.0,8.9,0.7,1.1,13.9,24.4,-0.4,0.4,0.0,0.002,-4.2,-2.1,-6.3,-0.5,,allengr01
Kadeem Allen,26,NYK,PG,19,1,416,16.2,0.574,0.255,0.383,2.0,11.1,6.4,28.7,1.9,0.8,13.6,19.6,0.7,0.2,1.0,0.111,0.2,0.3,0.5,0.3,,allenka01
Donte DiVincenzo,22,MIL,SG,27,0,411,9.1,0.507,0.669,0.097,4.2,11.4,8.0,9.7,1.5,1.2,12.8,15.1,0.0,0.6,0.6,0.069,-2.8,0.6,-2.2,0.0,,divindo01
Damian Jones,23,GSW,C,24,22,410,15.3,0.720,0.000,0.500,8.4,11.0,9.8,8.7,1.4,5.1,15.1,11.1,1.0,0.5,1.5,0.173,-0.6,1.7,1.1,0.3,,jonesda03
Jon Leuer,29,DET,PF,41,1,402,13.2,0.616,0.097,0.274,7.1,19.8,13.2,5.5,1.5,0.8,15.4,16.1,0.4,0.5,0.9,0.110,-2.8,0.4,-2.5,0.0,,leuerjo01
Salah Mejri,32,DAL,C,36,4,399,16.1,0.559,0.304,0.286,9.7,25.3,17.6,13.2,1.2,5.5,14.3,15.8,0.5,0.6,1.1,0.136,-1.1,1.9,0.8,0.3,,mejrisa01
Patrick McCaw,23,2TM,SG,29,1,397,7.5,0.532,0.444,0.238,2.0,10.9,6.5,9.2,2.8,0.4,19.6,9.4,0.0,0.5,0.5,0.065,-4.8,1.9,-3.0,-0.1,,mccawpa01
Patrick McCaw,23,CLE,SG,3,0,53,-0.7,0.278,0.444,0.000,0.0,6.6,3.1,4.9,1.9,0.0,25.0,9.9,-0.2,0.0,-0.2,-0.137,-7.8,-3.2,-11.0,-0.1,,mccawpa01
Patrick McCaw,23,TOR,SG,26,1,344,8.7,0.569,0.444,0.278,2.3,11.6,7.1,9.8,2.9,0.5,18.8,9.3,0.2,0.5,0.7,0.096,-4.4,2.7,-1.7,0.0,,mccawpa01
Luol Deng,33,MIN,SF,22,2,392,14.6,0.588,0.373,0.297,5.4,14.6,10.0,6.5,1.8,1.7,9.5,15.8,0.5,0.3,0.8,0.101,0.2,-0.3,0.0,0.2,,denglu01
MarShon Brooks,30,MEM,SG,29,0,387,11.6,0.518,0.320,0.195,3.4,9.7,6.5,11.0,1.2,1.0,10.3,23.6,-0.2,0.3,0.1,0.018,-1.9,-1.1,-3.0,-0.1,,brookma01
Raymond Felton,34,OKC,PG,33,0,379,11.2,0.505,0.452,0.096,1.1,8.4,4.6,18.7,1.2,1.3,9.0,16.6,0.3,0.4,0.7,0.087,-1.7,0.4,-1.3,0.1,,feltora01
Damion Lee,26,GSW,SG,32,0,375,11.9,0.578,0.535,0.173,2.4,15.3,9.1,4.5,1.6,0.0,7.4,16.8,0.3,0.4,0.7,0.090,-1.2,-1.1,-2.2,0.0,,leeda03
Johnathan Williams,23,LAL,C,24,0,372,15.1,0.599,0.018,0.436,13.6,13.9,13.7,4.9,1.0,1.5,10.9,16.4,0.7,0.3,1.0,0.135,-2.0,-1.1,-3.2,-0.1,,willijo04
Michael Carter-Williams,27,2TM,PG,28,1,372,14.7,0.458,0.309,0.431,5.4,15.0,10.1,26.5,2.6,3.4,12.0,19.4,0.2,0.6,0.8,0.099,-1.4,2.2,0.8,0.3,,cartemi01
Michael Carter-Williams,27,HOU,PG,16,1,145,12.7,0.476,0.311,0.426,2.2,7.8,5.0,22.7,3.0,3.5,12.1,24.7,0.0,0.2,0.1,0.044,-2.8,1.2,-1.6,0.0,,cartemi01
Michael Carter-Williams,27,ORL,PG,12,0,227,16.1,0.440,0.306,0.435,7.4,19.6,13.5,28.9,2.4,3.3,11.9,16.1,0.2,0.4,0.6,0.134,-0.5,2.9,2.4,0.3,,cartemi01
Kyle O'Quinn,28,IND,C,45,3,371,16.8,0.537,0.088,0.154,8.9,26.4,17.8,22.4,1.2,6.0,17.6,20.8,0.2,0.8,1.0,0.125,-2.5,3.0,0.4,0.2,,oquinky01
Pau Gasol,38,2TM,C,30,6,360,16.7,0.529,0.138,0.426,6.7,34.2,20.6,19.1,0.7,3.5,12.5,15.6,0.5,0.5,1.1,0.142,1.0,2.1,3.1,0.5,,gasolpa01
Pau Gasol,38,SAS,C,27,6,330,18.0,0.544,0.114,0.432,7.3,34.4,21.0,20.2,0.7,3.6,11.8,15.8,0.6,0.5,1.1,0.160,1.6,2.3,3.9,0.5,,gasolpa01
Pau Gasol,38,MIL,C,3,0,30,1.7,0.291,0.500,0.333,0.0,31.9,16.9,7.7,0.0,2.8,22.5,12.4,-0.1,0.1,0.0,-0.063,-5.3,0.6,-4.7,0.0,,gasolpa01
Brad Wanamaker,29,BOS,PG,36,0,343,14.4,0.597,0.371,0.267,0.9,11.8,6.4,22.5,1.7,0.5,13.9,17.2,0.6,0.4,0.9,0.131,-1.3,0.7,-0.7,0.1,,wanambr01
Channing Frye,35,CLE,C,36,6,341,8.9,0.524,0.675,0.120,1.2,16.4,8.5,8.6,0.9,1.3,9.5,17.5,0.1,0.0,0.1,0.016,-1.7,-1.8,-3.5,-0.1,,fryech01
Jordan McRae,27,WAS,SG,27,0,333,14.3,0.550,0.269,0.269,1.9,11.3,6.5,13.2,1.8,1.8,9.4,20.4,0.3,0.2,0.5,0.066,-0.9,-0.8,-1.7,0.0,,mcraejo01
John Jenkins,27,2TM,SG,26,0,333,9.7,0.536,0.552,0.171,1.8,10.0,5.8,9.9,0.0,0.5,7.4,15.7,0.2,0.0,0.2,0.031,-1.0,-2.4,-3.4,-0.1,,jenkijo01
John Jenkins,27,WAS,SG,4,0,14,20.5,1.500,1.000,0.000,0.0,7.9,3.9,9.9,0.0,0.0,0.0,6.1,0.1,0.0,0.1,0.202,7.6,-1.0,6.6,0.0,,jenkijo01
John Jenkins,27,NYK,SG,22,0,319,9.3,0.518,0.544,0.175,1.9,10.1,5.9,9.9,0.0,0.5,7.5,16.1,0.2,0.0,0.2,0.024,-1.4,-2.5,-3.9,-0.2,,jenkijo01
Dillon Brooks,23,MEM,SF,18,0,330,7.6,0.499,0.328,0.246,3.0,7.6,5.3,7.6,1.5,1.1,12.3,20.9,-0.3,0.3,0.0,-0.004,-5.0,-1.2,-6.3,-0.4,,brookdi01
Jarell Martin,24,ORL,PF,42,1,328,9.4,0.528,0.548,0.106,3.5,20.5,11.9,7.8,0.4,2.0,9.2,15.9,0.1,0.4,0.5,0.073,-3.7,-0.2,-3.9,-0.2,,martija01
Ryan Anderson,30,2TM,PF,25,8,322,4.6,0.414,0.580,0.232,6.1,12.5,9.2,7.8,0.6,0.3,15.5,12.0,-0.3,0.0,-0.2,-0.035,-4.5,-1.9,-6.4,-0.4,,anderry01
Ryan Anderson,30,PHO,PF,15,8,278,4.6,0.423,0.567,0.233,5.5,12.5,9.0,8.1,0.5,0.3,15.4,12.1,-0.2,0.0,-0.2,-0.039,-4.5,-1.9,-6.3,-0.3,,anderry01
Ryan Anderson,30,MIA,PF,10,0,44,4.5,0.354,0.667,0.222,9.7,12.1,10.9,5.8,1.1,0.0,16.8,11.6,0.0,0.0,0.0,-0.009,-4.6,-1.9,-6.5,0.0,,anderry01
Ekpe Udoh,31,UTA,C,51,1,320,20.9,0.698,0.000,0.417,9.3,20.9,15.2,12.8,1.5,7.7,13.2,13.1,0.9,0.7,1.6,0.238,0.8,3.9,4.7,0.5,,udohek01
Jerome Robinson,21,LAC,SG,33,0,320,7.2,0.491,0.518,0.082,1.0,12.2,6.8,8.3,1.6,0.7,10.2,16.7,-0.2,0.3,0.1,0.012,-4.2,-0.5,-4.7,-0.2,,robinje01
Sindarius Thornwell,24,LAC,SG,64,1,313,5.2,0.485,0.306,0.694,1.7,12.8,7.5,7.2,2.1,1.8,23.8,11.3,-0.3,0.3,0.0,0.004,-5.8,1.0,-4.7,-0.2,,thornsi01
Troy Williams,24,SAC,SF,21,0,312,10.5,0.531,0.449,0.153,3.9,15.9,9.7,4.7,1.5,2.2,7.9,15.0,0.1,0.3,0.4,0.064,-2.4,0.0,-2.4,0.0,,willitr02
Alex Poythress,25,ATL,PF,21,1,305,12.2,0.571,0.284,0.358,9.8,16.6,13.1,7.7,0.6,2.8,12.2,14.2,0.4,0.2,0.5,0.086,-2.5,-1.0,-3.5,-0.1,,poythal01
Carmelo Anthony,34,HOU,PF,10,2,294,10.9,0.513,0.529,0.182,3.3,17.3,10.2,2.6,0.7,2.0,5.8,20.5,0.1,0.2,0.3,0.048,-1.3,-1.4,-2.7,-0.1,,anthoca01
Quincy Pondexter,30,SAS,SF,53,0,292,13.2,0.641,0.310,0.724,3.0,14.1,8.6,10.6,1.8,0.3,14.5,13.5,0.5,0.3,0.8,0.128,-1.6,0.7,-0.9,0.1,,pondequ01
Robert Williams,21,BOS,C,32,2,283,18.9,0.703,0.000,0.294,10.2,20.4,15.3,3.3,1.5,12.5,14.8,10.3,0.5,0.6,1.2,0.199,-1.7,3.4,1.8,0.3,,williro04
Michael Beasley,30,LAL,PF,26,2,277,15.9,0.532,0.111,0.255,4.9,17.2,11.2,14.8,1.5,3.0,13.7,29.5,-0.1,0.4,0.2,0.039,-1.9,0.5,-1.5,0.0,,beaslmi01
Shake Milton,22,PHI,SG,20,0,268,9.3,0.483,0.506,0.080,3.7,10.0,6.9,9.2,1.4,2.3,6.2,15.0,0.1,0.3,0.3,0.059,-2.6,-0.6,-3.2,-0.1,,miltosh01
Henry Ellenson,22,2TM,PF,19,0,259,13.1,0.538,0.400,0.263,2.0,25.5,13.4,9.6,1.3,0.7,7.8,19.0,0.2,0.2,0.4,0.077,-1.0,-0.5,-1.5,0.0,,ellenhe01
Henry Ellenson,22,DET,PF,2,0,25,14.8,0.551,0.400,0.200,0.0,40.9,19.7,6.2,0.0,0.0,0.0,18.8,0.0,0.0,0.1,0.149,2.1,0.2,2.2,0.0,,ellenhe01
Henry Ellenson,22,NYK,PF,17,0,234,12.9,0.536,0.400,0.271,2.2,23.8,12.7,10.0,1.4,0.7,8.6,19.0,0.1,0.2,0.3,0.070,-1.4,-0.5,-1.9,0.0,,ellenhe01
Cameron Reynolds,23,MIN,SG,19,0,259,10.4,0.580,0.654,0.115,1.6,11.3,6.4,6.8,1.1,0.7,5.7,14.1,0.3,0.1,0.4,0.078,-1.3,-1.2,-2.5,0.0,,reynoca01
Julian Washburn,27,MEM,SF,18,3,254,6.5,0.402,0.500,0.083,3.5,14.8,9.1,7.7,2.5,0.7,12.3,10.0,-0.2,0.3,0.1,0.023,-5.1,0.5,-4.6,-0.2,,washbju01
Christian Wood,23,2TM,PF,21,2,251,21.9,0.607,0.222,0.479,7.2,26.5,17.0,4.8,1.3,3.2,10.7,26.1,0.4,0.3,0.8,0.151,1.4,-1.0,0.4,0.1,,woodch01
Christian Wood,23,MIL,PF,13,0,62,17.1,0.585,0.200,0.600,7.0,24.7,16.4,4.6,0.0,0.0,8.7,23.4,0.1,0.1,0.2,0.146,0.3,-1.5,-1.3,0.0,,woodch01
Christian Wood,23,NOP,PF,8,2,189,23.4,0.613,0.228,0.446,7.2,27.0,17.3,4.9,1.7,4.3,11.3,26.9,0.3,0.3,0.6,0.152,1.7,-0.8,0.9,0.1,,woodch01
Guerschon Yabusele,23,BOS,PF,41,1,251,12.5,0.542,0.364,0.286,9.8,12.8,11.3,8.2,1.5,2.5,14.8,17.5,0.2,0.3,0.5,0.088,-2.5,-0.2,-2.7,0.0,,yabusgu01
Deonte Burton,25,OKC,SG,32,0,240,7.0,0.470,0.329,0.146,1.7,10.7,6.0,5.0,1.2,2.8,9.3,16.3,-0.2,0.3,0.1,0.027,-4.9,0.6,-4.3,-0.1,,burtode02
Dwight Howard,33,WAS,C,9,9,230,17.4,0.638,0.000,0.696,11.1,28.3,19.6,2.6,1.4,1.5,15.1,19.6,0.4,0.2,0.6,0.124,-1.3,-1.7,-3.0,-0.1,,howardw01
J.R. Smith,33,CLE,SG,11,4,222,7.8,0.444,0.494,0.127,0.0,9.4,4.5,13.8,2.5,1.2,11.7,18.6,-0.3,0.1,-0.2,-0.038,-3.7,0.5,-3.2,-0.1,,smithjr01
Isaiah Hartenstein,20,HOU,PF,28,0,221,10.0,0.562,0.146,0.341,10.3,13.3,11.8,9.4,1.6,4.6,21.6,11.8,0.2,0.3,0.5,0.101,-5.1,1.2,-3.9,-0.1,,harteis01
Jalen Jones,25,CLE,SF,16,0,214,11.7,0.548,0.452,0.435,5.5,12.5,8.8,4.8,2.1,0.8,9.8,16.7,0.2,0.1,0.3,0.056,-2.3,-1.9,-4.2,-0.1,,jonesja04
Brandon Sampson,21,CHI,SG,14,2,214,8.5,0.567,0.483,0.100,1.5,6.7,4.1,6.8,1.8,1.2,16.1,15.2,-0.1,0.1,0.0,0.010,-3.9,-0.9,-4.7,-0.1,,sampsbr01
Lorenzo Brown,28,TOR,PG,26,0,212,6.3,0.380,0.394,0.042,2.6,12.9,7.9,17.3,2.7,2.0,18.1,17.9,-0.5,0.3,-0.1,-0.027,-5.4,1.9,-3.5,-0.1,,brownlo01
Theo Pinson,23,BRK,SG,18,0,211,8.1,0.490,0.630,0.301,2.0,15.9,9.0,14.1,1.4,0.0,17.9,20.0,-0.2,0.2,0.0,0.004,-3.6,0.4,-3.2,-0.1,,pinsoth01
Edmond Sumner,23,IND,PG,23,2,210,7.6,0.443,0.422,0.375,4.9,7.8,6.3,6.3,2.8,2.1,11.8,17.6,-0.2,0.3,0.1,0.020,-5.8,0.5,-5.3,-0.2,,sumneed01
Daniel Hamilton,23,ATL,SG,19,3,204,7.1,0.455,0.383,0.100,5.0,19.5,12.1,14.5,1.4,0.4,20.3,15.7,-0.2,0.1,-0.1,-0.024,-3.6,-0.5,-4.1,-0.1,,hamilda02
Jacob Evans,21,GSW,SG,30,1,204,3.5,0.374,0.283,0.019,3.3,9.5,6.5,13.7,1.2,1.2,17.1,13.5,-0.3,0.2,-0.1,-0.030,-6.9,-1.2,-8.2,-0.3,,evansja02
Khyri Thomas,22,DET,SG,26,0,195,6.2,0.413,0.507,0.159,2.2,9.3,5.6,6.0,1.8,2.2,5.1,17.2,-0.2,0.2,0.0,0.005,-4.9,-0.1,-5.0,-0.2,,thomakh01
Deng Adel,21,CLE,SF,19,3,194,2.7,0.424,0.639,0.111,1.6,9.6,5.4,3.4,0.3,1.8,13.7,9.9,-0.2,0.0,-0.2,-0.054,-5.9,-1.6,-7.5,-0.3,,adelde01
Jason Smith,32,3TM,PF,20,1,190,9.8,0.492,0.441,0.271,9.0,20.2,14.6,9.7,0.7,3.1,16.4,17.5,0.0,0.2,0.2,0.038,-3.7,-1.0,-4.7,-0.1,,smithja02
Jason Smith,32,WAS,C,12,1,130,11.7,0.520,0.270,0.324,9.0,22.1,15.4,12.3,0.4,3.2,14.2,16.1,0.1,0.1,0.2,0.070,-2.7,-0.7,-3.4,0.0,,smithja02
Jason Smith,32,MIL,PF,6,0,40,6.3,0.468,0.692,0.154,8.1,19.2,14.0,3.1,2.3,4.2,26.5,19.8,-0.1,0.1,0.0,-0.020,-6.8,-0.1,-6.9,-0.1,,smithja02
Jason Smith,32,NOP,C,2,0,20,4.6,0.405,0.778,0.222,10.5,10.2,10.4,6.2,0.0,0.0,9.2,22.3,0.0,0.0,0.0,-0.049,-4.4,-4.4,-8.8,0.0,,smithja02
John Henson,28,MIL,C,14,0,188,17.1,0.553,0.463,0.149,9.2,28.0,19.2,10.1,1.7,4.9,14.4,18.6,0.1,0.4,0.6,0.146,0.4,2.1,2.5,0.2,,hensojo01
Andrew Harrison,24,3TM,PG,17,0,187,5.8,0.443,0.472,0.340,3.4,8.5,5.8,17.1,1.1,0.9,16.5,16.8,-0.1,0.0,-0.1,-0.027,-5.8,-1.2,-7.1,-0.2,,harrian01
Andrew Harrison,24,MEM,PG,1,0,5,4.6,0.500,0.500,0.000,0.0,0.0,0.0,0.0,0.0,0.0,0.0,17.9,0.0,0.0,0.0,-0.013,-11.2,-4.2,-15.4,0.0,,harrian01
Andrew Harrison,24,CLE,PG,10,0,144,6.6,0.467,0.359,0.410,3.0,8.9,5.8,16.3,1.4,1.2,17.8,17.0,-0.1,0.0,-0.1,-0.022,-5.6,-0.6,-6.2,-0.2,,harrian01
Andrew Harrison,24,NOP,PG,6,0,38,3.1,0.349,0.833,0.167,5.5,8.1,6.8,22.3,0.0,0.0,13.4,16.1,0.0,0.0,0.0,-0.051,-6.0,-3.2,-9.2,-0.1,,harrian01
Isaiah Thomas,29,DEN,SG,12,0,181,7.0,0.437,0.434,0.273,3.0,4.8,3.9,18.6,1.4,0.5,14.0,30.4,-0.4,0.1,-0.3,-0.077,-4.0,-2.5,-6.5,-0.2,,thomais02
Caleb Swanigan,21,2TM,PF,21,0,178,4.7,0.377,0.132,0.170,10.2,27.6,19.1,8.0,1.6,0.5,24.0,17.7,-0.5,0.2,-0.2,-0.060,-7.1,0.0,-7.2,-0.2,,swanica01
Caleb Swanigan,21,POR,PF,18,0,145,3.1,0.372,0.114,0.159,9.8,28.0,19.1,6.2,1.3,0.0,25.4,18.4,-0.4,0.2,-0.3,-0.086,-7.9,-0.3,-8.2,-0.2,,swanica01
Caleb Swanigan,21,SAC,PF,3,0,33,11.7,0.405,0.222,0.222,12.2,25.6,18.7,15.6,2.8,2.6,16.8,14.9,0.0,0.1,0.0,0.053,-3.8,1.1,-2.7,0.0,,swanica01
Skal Labissière,22,2TM,PF,22,1,176,12.6,0.593,0.265,0.347,5.4,20.3,12.8,8.6,1.4,2.8,16.3,16.0,0.1,0.2,0.3,0.089,-2.9,-0.1,-3.0,0.0,,labissk01
Skal Labissière,22,SAC,PF,13,0,113,7.0,0.517,0.367,0.367,3.6,18.7,10.9,6.8,0.8,2.3,16.7,15.3,-0.1,0.1,0.0,0.018,-5.6,-0.8,-6.4,-0.1,,labissk01
Skal Labissière,22,POR,PF,9,1,63,22.6,0.716,0.105,0.316,8.7,23.2,16.1,11.9,2.3,3.8,15.6,17.2,0.2,0.1,0.3,0.216,1.7,1.2,3.0,0.1,,labissk01
Yuta Watanabe,24,MEM,SF,15,0,174,3.3,0.352,0.314,0.196,2.5,17.7,10.0,6.6,1.1,0.5,9.8,15.8,-0.4,0.2,-0.2,-0.065,-7.0,-2.1,-9.1,-0.3,,watanyu01
Miles Plumlee,30,ATL,C,18,0,173,18.9,0.654,0.000,0.625,9.5,14.3,11.8,14.7,1.6,2.0,14.0,16.7,0.4,0.1,0.5,0.145,1.6,0.0,1.6,0.2,,plumlmi01
Walt Lemon Jr.,26,CHI,PG,6,3,167,16.3,0.468,0.057,0.126,2.6,15.1,8.8,30.3,3.2,0.5,9.8,26.6,-0.1,0.2,0.1,0.026,-2.4,0.2,-2.2,0.0,,lemonwa01
Dairis Bertāns,29,NOP,SG,12,0,167,2.0,0.362,0.723,0.000,1.3,4.3,2.8,7.2,0.3,0.0,4.1,12.0,-0.2,0.0,-0.2,-0.054,-5.6,-3.2,-8.8,-0.3,,bertada02
Chris Boucher,26,TOR,PF,28,0,163,22.2,0.563,0.487,0.197,10.9,25.8,18.5,1.9,1.8,12.2,7.8,23.6,0.2,0.4,0.7,0.194,-0.2,2.8,2.6,0.2,,bouchch01
Duncan Robinson,24,MIA,SF,15,1,161,7.6,0.514,0.761,0.130,1.3,11.2,6.3,4.4,1.5,0.0,7.6,14.0,0.0,0.2,0.2,0.051,-3.6,0.1,-3.5,-0.1,,robindu01
Ben McLemore,25,SAC,SG,19,0,158,10.5,0.541,0.641,0.188,1.9,9.4,5.5,3.4,1.8,1.6,6.7,19.4,0.1,0.1,0.2,0.055,-2.1,-1.4,-3.5,-0.1,,mclembe01
Johnathan Motley,23,LAC,PF,22,0,156,18.8,0.563,0.041,0.548,12.6,21.7,17.3,11.7,1.5,1.5,15.0,28.8,0.1,0.2,0.3,0.092,-1.2,-0.7,-1.9,0.0,,motlejo01
Ron Baker,25,2TM,SG,15,0,152,2.5,0.309,0.650,0.300,0.7,7.1,3.8,12.8,1.9,0.6,18.1,7.8,-0.2,0.1,-0.1,-0.034,-7.7,0.7,-7.0,-0.2,,bakerro01
Ron Baker,25,NYK,SG,11,0,107,4.4,0.376,0.563,0.375,1.0,6.0,3.4,16.1,2.3,0.0,13.9,8.6,0.0,0.0,0.0,0.002,-7.7,1.1,-6.6,-0.1,,bakerro01
Ron Baker,25,WAS,SG,4,0,45,-2.0,0.000,1.000,0.000,0.0,9.8,4.8,5.1,1.1,1.9,33.3,5.7,-0.1,0.0,-0.1,-0.120,-7.9,0.0,-7.9,-0.1,,bakerro01
Miloš Teodosić,31,LAC,PG,15,0,150,6.5,0.557,0.675,0.175,2.2,8.9,5.7,28.8,0.9,0.5,32.8,18.0,-0.1,0.1,-0.1,-0.019,-3.8,-1.7,-5.4,-0.1,,teodomi01
Ray Spalding,21,2TM,PF,14,3,148,14.6,0.516,0.064,0.255,11.1,25.1,18.0,5.1,2.9,4.5,14.7,17.8,0.0,0.2,0.2,0.051,-4.3,-0.8,-5.1,-0.1,,spaldra01
Ray Spalding,21,DAL,PF,1,0,1,0.0,,,,0.0,0.0,0.0,0.0,0.0,0.0,,0.0,0.0,0.0,0.0,0.000,-7.5,-5.0,-12.6,0.0,,spaldra01
Ray Spalding,21,PHO,PF,13,3,147,14.7,0.516,0.064,0.255,11.1,25.3,18.1,5.2,2.9,4.5,14.7,17.9,0.0,0.2,0.2,0.051,-4.3,-0.8,-5.1,-0.1,,spaldra01
Chimezie Metu,21,SAS,PF,29,0,145,6.4,0.389,0.034,0.293,6.8,20.1,13.5,12.0,2.0,1.2,18.6,24.4,-0.5,0.2,-0.3,-0.099,-7.3,-1.4,-8.7,-0.2,,metuch01
Jemerrio Jones,23,LAL,SF,6,2,143,12.1,0.398,0.303,0.061,11.8,23.4,17.7,11.4,2.3,2.9,12.9,11.3,0.0,0.2,0.2,0.084,-2.2,2.4,0.2,0.1,,jonesje01
Anfernee Simons,19,POR,SG,20,1,141,11.1,0.535,0.460,0.254,2.3,7.4,4.9,13.7,0.3,0.0,13.6,24.3,0.0,0.0,0.1,0.020,-1.5,-3.7,-5.3,-0.1,,simonan01
Andrew Bogut,34,GSW,C,11,5,134,13.4,0.523,0.000,0.083,10.0,32.8,21.9,10.6,1.1,5.0,17.7,14.5,0.1,0.2,0.3,0.111,-3.7,0.8,-2.9,0.0,,bogutan01
C.J. Williams,28,MIN,SG,15,0,128,8.8,0.550,0.457,0.029,0.8,5.9,3.3,12.9,2.2,0.0,12.4,13.3,0.1,0.1,0.1,0.042,-3.8,0.2,-3.7,-0.1,,willicj01
JaKarr Sampson,25,CHI,SF,4,0,127,22.5,0.633,0.259,0.389,4.2,23.4,13.7,5.3,1.5,2.0,5.9,23.1,0.3,0.1,0.5,0.173,3.6,0.2,3.7,0.2,,sampsja02
Quincy Acy,28,PHO,PF,10,0,123,2.9,0.379,0.833,0.556,2.7,20.1,11.3,8.2,0.4,2.7,15.2,9.2,-0.1,0.0,-0.1,-0.022,-7.6,-0.5,-8.1,-0.2,,acyqu01
Rawle Alkins,21,CHI,SG,10,1,120,8.1,0.418,0.308,0.308,9.9,13.7,11.8,15.2,0.4,0.0,15.3,19.0,-0.1,0.0,-0.1,-0.042,-3.8,-3.5,-7.3,-0.2,,alkinra01
Isaac Bonga,19,LAL,PG,22,0,120,6.0,0.240,0.242,0.455,7.9,13.5,10.8,14.9,3.5,2.7,13.2,15.7,-0.3,0.2,-0.1,-0.059,-7.0,2.2,-4.8,-0.1,,bongais01
Lonnie Walker IV,20,SAS,SG,17,0,118,10.8,0.446,0.283,0.217,0.0,15.6,7.9,10.3,2.9,2.2,7.4,20.3,-0.1,0.2,0.0,0.019,-3.4,1.0,-2.4,0.0,,walkelo01
Deyonta Davis,22,ATL,C,9,0,118,15.6,0.682,0.045,0.455,8.7,23.7,16.0,5.8,1.2,3.7,10.2,10.1,0.3,0.1,0.4,0.145,-1.5,-0.6,-2.0,0.0,,davisde01
Drew Eubanks,21,SAS,PF,23,0,113,15.1,0.646,0.000,0.500,5.8,26.8,16.4,8.3,0.9,3.7,20.1,15.5,0.1,0.2,0.3,0.120,-1.9,0.7,-1.3,0.0,,eubandr01
Zhaire Smith,19,PHI,SG,6,2,111,9.5,0.533,0.471,0.235,2.9,9.3,6.2,12.3,0.9,1.4,13.8,16.4,0.0,0.1,0.1,0.048,-2.8,-2.2,-5.0,-0.1,,smithzh01
Gary Trent Jr.,20,POR,SG,15,1,111,3.6,0.377,0.420,0.140,1.0,9.4,5.3,6.2,0.4,1.4,7.0,21.7,-0.3,0.1,-0.2,-0.092,-6.6,-4.2,-10.8,-0.2,,trentga02
Jared Terrell,23,MIN,SG,14,0,111,0.7,0.372,0.436,0.154,1.0,4.9,2.9,14.4,1.3,1.5,19.4,19.6,-0.4,0.0,-0.3,-0.140,-8.5,-2.3,-10.9,-0.2,,terreja01
Jodie Meeks,31,TOR,SG,8,0,104,16.0,0.647,0.462,0.026,1.1,11.1,6.2,11.5,0.5,0.8,4.8,17.1,0.2,0.1,0.3,0.153,1.4,-0.8,0.5,0.1,,meeksjo01
Malachi Richardson,23,TOR,SG,22,0,103,0.9,0.481,0.862,0.172,2.2,11.2,6.8,0.0,0.5,0.0,20.4,16.4,-0.2,0.1,-0.1,-0.060,-6.6,-2.1,-8.8,-0.2,,richama01
James Nunnally,28,2TM,SF,15,0,102,7.3,0.503,0.735,0.118,0.0,5.3,2.6,9.5,0.5,0.0,2.7,15.3,0.1,0.0,0.1,0.035,-1.9,-2.9,-4.8,-0.1,,nunnaja01
James Nunnally,28,MIN,SF,13,0,64,12.1,0.593,0.619,0.190,0.0,6.8,3.3,10.9,0.7,0.0,4.2,15.6,0.1,0.0,0.1,0.097,1.4,-1.3,0.1,0.0,,nunnaja01
James Nunnally,28,HOU,SF,2,0,38,-0.8,0.346,0.923,0.000,0.0,3.0,1.5,7.2,0.0,0.0,0.0,14.8,-0.1,0.0,-0.1,-0.068,-7.5,-5.5,-13.0,-0.1,,nunnaja01
Bonzie Colson,23,MIL,SF,8,2,98,12.9,0.454,0.538,0.231,8.8,21.5,15.5,4.0,2.4,0.9,6.5,19.6,0.0,0.2,0.2,0.085,-2.6,-0.8,-3.5,0.0,,colsobo01
Devin Robinson,23,WAS,SF,7,0,95,20.6,0.616,0.063,0.438,6.7,16.2,11.4,9.5,2.0,5.3,5.0,17.9,0.2,0.1,0.3,0.175,0.8,1.1,1.9,0.1,,robinde01
Wade Baldwin,22,POR,PG,16,0,94,1.3,0.396,0.273,0.333,2.3,14.4,8.5,16.6,0.5,1.7,27.0,23.3,-0.4,0.1,-0.3,-0.153,-8.4,-1.9,-10.3,-0.2,,baldwwa01
Tyler Lydon,22,DEN,PF,25,0,94,9.3,0.595,0.556,0.167,8.0,12.7,10.4,8.2,1.0,0.0,17.2,10.6,0.1,0.1,0.2,0.086,-2.8,-1.4,-4.2,-0.1,,lydonty01
Tyler Zeller,29,2TM,C,6,1,93,17.3,0.607,0.033,0.600,12.9,15.7,14.2,6.7,0.5,3.1,9.5,20.1,0.2,0.1,0.3,0.167,-3.1,-1.9,-5.0,-0.1,,zellety01
Tyler Zeller,29,ATL,C,2,0,11,1.5,0.000,0.500,0.000,18.7,39.1,28.7,10.6,0.0,0.0,0.0,7.4,0.0,0.0,0.0,-0.013,-8.7,-1.6,-10.2,0.0,,zellety01
Tyler Zeller,29,MEM,C,4,1,82,19.4,0.640,0.000,0.643,12.1,12.5,12.3,6.2,0.6,3.5,10.0,21.8,0.2,0.1,0.3,0.191,-2.3,-1.9,-4.3,0.0,,zellety01
Daryl Macon,23,DAL,SG,8,0,90,5.5,0.482,0.407,0.259,2.4,11.8,7.1,11.2,0.5,0.0,16.6,17.2,-0.1,0.0,0.0,-0.022,-5.3,-2.6,-7.9,-0.1,,maconda01
Naz Mitrou-Long,25,UTA,SG,14,0,84,2.2,0.383,0.550,0.100,1.3,6.3,3.9,23.3,0.6,0.9,27.7,14.7,-0.2,0.1,-0.1,-0.046,-7.1,-1.6,-8.7,-0.1,,mitrona01
Udonis Haslem,38,MIA,C,10,1,74,3.6,0.360,0.364,0.121,4.3,34.5,19.4,4.0,0.0,0.0,7.9,21.9,-0.2,0.1,-0.1,-0.075,-8.4,-2.4,-10.9,-0.2,,hasleud01
Jarred Vanderbilt,19,DEN,PF,17,0,69,12.4,0.513,0.053,0.526,10.9,25.2,18.0,5.9,4.3,1.3,25.5,19.4,-0.1,0.1,0.1,0.037,-5.2,1.0,-4.2,0.0,,vandeja01
Amile Jefferson,25,ORL,PF,12,0,68,21.1,0.692,0.000,0.500,9.3,24.0,16.5,6.4,2.2,3.7,4.9,13.1,0.2,0.1,0.4,0.258,0.5,2.0,2.5,0.1,,jeffeam01
Marcus Derrickson,22,GSW,PF,11,0,67,19.4,0.653,0.606,0.152,13.3,7.6,10.4,2.2,0.0,1.3,7.9,24.4,0.2,0.0,0.2,0.155,2.6,-5.3,-2.7,0.0,,derrima01
Malcolm Miller,25,TOR,SF,10,0,67,13.7,0.630,0.808,0.154,1.7,6.3,4.0,2.1,0.7,1.2,3.5,18.5,0.1,0.1,0.2,0.130,1.2,-1.6,-0.5,0.0,,millema01
Jimmer Fredette,29,PHO,SG,6,0,65,3.6,0.348,0.448,0.207,1.7,10.4,6.0,17.5,2.2,0.0,13.6,24.2,-0.2,0.0,-0.2,-0.166,-8.4,-2.9,-11.3,-0.2,,fredeji01
Jawun Evans,22,2TM,PG,8,0,65,0.1,0.214,0.214,0.000,1.7,19.0,10.2,19.7,2.2,0.0,30.0,13.2,-0.2,0.0,-0.2,-0.151,-10.4,0.1,-10.3,-0.1,,evansja01
Jawun Evans,22,PHO,PG,7,0,64,0.7,0.231,0.154,0.000,1.7,19.3,10.4,20.0,2.2,0.0,31.6,12.7,-0.2,0.0,-0.2,-0.139,-9.8,0.5,-9.2,-0.1,,evansja01
Jawun Evans,22,OKC,PG,1,0,1,-38.1,0.000,1.000,0.000,0.0,0.0,0.0,0.0,0.0,0.0,0.0,40.7,0.0,0.0,0.0,-0.946,-52.4,-29.1,-81.4,0.0,,evansja01
Alize Johnson,22,IND,PF,14,0,64,6.3,0.333,0.125,0.500,7.1,25.5,16.5,2.0,0.8,4.2,0.0,13.3,-0.1,0.1,0.0,0.027,-5.7,-2.0,-7.7,-0.1,,johnsal02
Billy Garrett,24,NYK,SG,4,0,63,9.8,0.452,0.296,0.148,0.0,5.1,2.5,18.0,0.8,1.3,6.5,20.9,0.0,0.0,0.0,-0.019,-3.9,-1.7,-5.5,-0.1,,garrebi01
Luc Mbah a Moute,32,LAC,PF,4,0,61,6.7,0.495,0.333,0.278,3.6,8.4,6.1,4.5,0.8,1.3,9.0,15.4,0.0,0.0,0.0,0.009,-2.9,0.0,-3.0,0.0,,mbahalu01
Brandon Goodwin,23,DEN,PG,16,0,57,8.3,0.413,0.261,0.478,1.9,3.8,2.8,32.1,0.0,0.0,9.7,23.1,0.0,0.0,0.0,0.021,-4.7,-4.8,-9.5,-0.1,,goodwbr01
Isaac Humphries,21,ATL,C,5,1,56,3.4,0.357,0.524,0.000,7.4,13.4,10.3,0.0,0.8,0.0,0.0,15.2,-0.1,0.0,-0.1,-0.047,-6.2,-4.7,-11.0,-0.1,,humphis01
Jordan Loyd,25,TOR,PG,12,0,55,16.3,0.635,0.444,0.611,2.0,15.3,8.8,15.1,0.0,0.0,8.1,19.4,0.2,0.0,0.2,0.190,0.0,-0.9,-1.0,0.0,,loydjo01
PJ Dozier,22,BOS,SG,6,0,51,16.0,0.434,0.381,0.095,12.5,23.1,17.8,13.7,1.9,0.0,0.0,18.6,0.1,0.1,0.1,0.123,-1.3,-0.6,-2.0,0.0,,doziepj01
B.J. Johnson,23,2TM,SF,7,0,49,12.8,0.609,0.389,0.111,4.2,13.2,8.6,0.0,1.9,0.0,9.6,17.4,0.0,0.0,0.1,0.066,-2.3,-2.0,-4.3,0.0,,johnsbj01
B.J. Johnson,23,ATL,SF,6,0,43,14.0,0.622,0.375,0.125,4.8,15.0,9.8,0.0,2.1,0.0,10.6,17.9,0.0,0.0,0.1,0.076,-1.5,-1.4,-2.9,0.0,,johnsbj01
B.J. Johnson,23,SAC,SF,1,0,6,3.7,0.500,0.500,0.000,0.0,0.0,0.0,0.0,0.0,0.0,0.0,13.8,0.0,0.0,0.0,-0.008,-8.4,-5.7,-14.1,0.0,,johnsbj01
Mitch Creek,26,2TM,SF,5,0,48,20.2,0.550,0.125,0.438,13.2,13.1,13.2,18.6,2.0,0.0,5.0,17.6,0.1,0.0,0.2,0.196,2.4,1.1,3.5,0.1,,creekmi01
Mitch Creek,26,BRK,SF,4,0,36,21.5,0.573,0.100,0.700,14.6,14.5,14.6,20.2,1.3,0.0,0.0,15.3,0.2,0.0,0.2,0.258,3.7,2.0,5.7,0.1,,creekmi01
Mitch Creek,26,MIN,SF,1,0,12,16.3,0.500,0.167,0.000,8.8,9.0,8.9,13.6,4.0,0.0,14.3,24.5,0.0,0.0,0.0,0.011,-1.7,-1.3,-3.0,0.0,,creekmi01
Davon Reed,23,IND,SG,10,0,47,8.1,0.500,0.333,0.000,4.8,9.2,7.1,8.5,1.0,0.0,7.7,12.1,0.0,0.0,0.1,0.064,-3.3,-2.2,-5.5,0.0,,reedda01
Melvin Frazier,22,ORL,SG,10,0,44,1.2,0.330,0.286,0.190,7.2,4.9,6.1,3.3,1.1,0.0,4.2,23.5,-0.2,0.0,-0.1,-0.133,-11.3,-3.2,-14.5,-0.1,,frazime01
Eric Moreland,27,2TM,PF,5,0,43,6.7,0.500,0.143,0.000,10.3,39.6,25.2,11.8,1.1,1.9,41.7,12.0,-0.1,0.1,0.0,0.032,-6.7,2.0,-4.7,0.0,,moreler01
Eric Moreland,27,PHO,PF,1,0,5,3.9,,,,0.0,67.5,33.2,0.0,0.0,0.0,,0.0,0.0,0.0,0.0,0.077,-6.3,0.2,-6.1,0.0,,moreler01
Eric Moreland,27,TOR,PF,4,0,38,7.1,0.500,0.143,0.000,11.7,35.9,24.1,13.3,1.3,2.2,41.7,13.6,-0.1,0.1,0.0,0.026,-6.7,2.3,-4.5,0.0,,moreler01
Haywood Highsmith,22,PHI,SF,5,0,40,4.5,0.414,0.500,0.200,0.0,12.9,6.6,6.6,1.2,0.0,8.4,12.4,0.0,0.0,0.0,-0.023,-5.8,-2.4,-8.2,-0.1,,highsha01
Demetrius Jackson,24,PHI,PG,6,0,39,21.0,0.656,0.400,0.267,5.6,2.6,4.1,19.6,2.4,0.0,5.6,19.1,0.2,0.0,0.2,0.231,3.6,0.9,4.5,0.1,,jacksde01
Džanan Musa,19,BRK,SG,9,0,39,5.8,0.415,0.455,0.091,2.7,10.7,6.7,8.6,2.4,0.0,14.9,29.0,-0.2,0.0,-0.1,-0.152,-6.3,-0.9,-7.2,-0.1,,musadz01
Tyler Cavanaugh,24,UTA,PF,11,0,39,5.0,0.414,0.500,0.200,8.5,13.6,11.1,3.4,0.0,0.0,8.4,13.0,0.0,0.0,0.0,0.026,-5.3,-3.1,-8.4,-0.1,,cavanty01
Nick Young,33,DEN,SG,4,0,37,2.3,0.500,0.889,0.000,0.0,2.9,1.5,6.8,0.0,2.4,18.2,12.7,0.0,0.0,0.0,-0.021,-4.3,-2.5,-6.9,0.0,,youngni01
Thomas Welsh,22,DEN,C,11,0,36,16.1,0.648,0.538,0.154,0.0,12.1,6.0,20.5,0.0,0.0,6.7,17.7,0.1,0.0,0.1,0.162,2.2,-1.1,1.2,0.0,,welshth01
Tony Bradley,21,UTA,C,3,0,36,19.6,0.504,0.000,0.125,27.6,17.7,22.6,4.5,2.7,4.4,15.1,23.6,0.0,0.1,0.1,0.130,-3.6,-2.4,-6.0,0.0,,bradlto01
Chris Chiozza,23,HOU,PG,7,0,33,7.0,0.375,0.625,0.000,3.3,10.3,6.7,16.1,1.5,2.6,11.1,11.8,0.0,0.0,0.0,0.023,-2.7,1.4,-1.3,0.0,,chiozch01
Isaiah Hicks,24,NYK,PF,3,0,32,17.4,0.588,0.000,0.625,6.4,16.7,11.4,9.4,1.5,7.9,8.9,15.0,0.1,0.0,0.1,0.153,-2.1,2.2,0.1,0.0,,hicksis01
Jaylen Morris,23,MIL,SG,4,0,29,12.1,0.460,0.300,0.200,0.0,16.5,8.8,18.1,3.2,0.0,8.4,17.2,0.0,0.1,0.1,0.084,-3.7,3.3,-0.4,0.0,,morrija01
Alan Williams,26,BRK,PF,5,0,26,32.9,0.610,0.077,0.308,16.2,60.3,38.4,22.3,1.8,0.0,6.3,25.5,0.1,0.1,0.2,0.312,7.6,4.2,11.8,0.1,,willial03
R.J. Hunter,25,BOS,SG,1,0,26,21.6,0.612,0.769,0.154,4.1,8.2,6.2,18.0,1.9,0.0,0.0,23.1,0.1,0.0,0.1,0.223,3.2,0.4,3.6,0.0,,hunterj01
Dusty Hannahs,25,MEM,SG,2,0,26,4.5,0.311,0.417,0.167,0.0,4.4,2.2,28.8,1.9,0.0,7.2,23.9,-0.1,0.0,-0.1,-0.125,-6.5,-3.2,-9.7,-0.1,,hannadu01
Emanuel Terry,22,2TM,PF,3,0,23,19.7,0.571,0.000,0.571,14.1,19.6,16.8,12.2,6.2,0.0,18.6,20.1,0.0,0.0,0.1,0.117,-0.2,2.4,2.3,0.0,,terryem01
Emanuel Terry,22,PHO,PF,2,0,20,19.9,0.654,0.000,0.333,10.9,22.5,16.6,8.0,7.2,0.0,22.5,19.1,0.0,0.0,0.1,0.127,-1.1,3.4,2.3,0.0,,terryem01
Emanuel Terry,22,MIA,PF,1,0,3,18.4,0.266,0.000,2.000,35.4,0.0,17.7,40.5,0.0,0.0,0.0,26.8,0.0,0.0,0.0,0.045,5.9,-3.9,2.1,0.0,,terryem01
DeVaughn Akoon-Purcell,25,DEN,SG,7,0,22,8.2,0.322,0.400,0.200,4.9,14.8,9.8,37.1,4.5,0.0,15.5,25.0,-0.1,0.0,0.0,-0.051,-7.9,2.1,-5.8,0.0,,akoonde01
Justin Patton,21,PHI,C,3,0,21,10.5,0.317,0.286,0.286,10.4,19.6,15.1,18.7,4.5,0.0,0.0,15.7,0.0,0.0,0.0,0.079,-5.2,3.2,-2.0,0.0,,pattoju01
Scott Machado,28,LAL,PG,4,0,19,22.2,0.776,0.167,0.167,0.0,0.0,0.0,23.5,2.4,0.0,0.0,14.0,0.1,0.0,0.1,0.281,2.9,2.7,5.5,0.0,,machasc01
J.P. Macura,23,CHO,SG,2,0,17,5.7,0.333,0.444,0.000,0.0,19.4,9.5,18.0,0.0,0.0,0.0,22.8,0.0,0.0,0.0,-0.110,-4.7,-2.9,-7.7,0.0,,macurjp01
Gary Payton II,26,WAS,PG,3,0,16,36.9,0.688,0.250,0.000,6.7,6.9,6.8,45.1,8.9,5.3,11.1,23.8,0.1,0.0,0.1,0.358,8.3,10.6,18.9,0.1,,paytoga02
Troy Caupain,23,ORL,PG,4,0,16,30.7,0.625,0.375,0.000,6.6,13.6,10.0,42.5,3.1,0.0,0.0,21.8,0.1,0.0,0.1,0.347,9.6,3.7,13.3,0.1,,caupatr01
Vince Edwards,22,HOU,SF,2,0,16,3.8,0.375,1.000,0.000,6.8,7.1,6.9,0.0,0.0,0.0,0.0,10.9,0.0,0.0,0.0,-0.014,-1.6,-4.8,-6.4,0.0,,edwarvi01
Ángel Delgado,24,LAC,C,2,0,15,4.3,0.255,0.000,0.400,14.6,13.7,14.1,0.0,3.1,0.0,0.0,16.5,0.0,0.0,0.0,-0.055,-7.0,-5.0,-12.0,0.0,,delgaan01
Andre Ingram,33,LAL,SG,4,0,15,-11.9,0.000,0.500,0.000,7.0,6.7,6.9,0.0,3.1,0.0,14.3,19.3,-0.1,0.0,-0.1,-0.408,-14.8,-4.8,-19.6,-0.1,,ingraan01
Donatas Motiejūnas,28,SAS,PF,3,0,13,-0.5,0.436,0.000,0.333,16.9,8.3,12.6,11.9,0.0,6.5,30.4,33.5,-0.1,0.0,-0.1,-0.246,-19.4,-2.3,-21.7,-0.1,,motiedo01
Yante Maten,22,MIA,PF,2,0,13,5.7,0.250,0.250,0.000,8.2,16.4,12.3,0.0,3.8,0.0,0.0,13.2,0.0,0.0,0.0,-0.026,-7.5,-1.6,-9.1,0.0,,matenya01
Kostas Antetokounmpo,21,DAL,PF,2,0,11,-0.9,0.210,0.000,1.333,0.0,9.7,4.9,0.0,8.8,0.0,17.4,22.5,-0.1,0.0,-0.1,-0.247,-12.6,-0.1,-12.7,0.0,,antetko01
Tahjere McCall,24,BRK,SG,1,0,8,9.6,0.581,0.333,0.333,0.0,13.1,6.6,0.0,0.0,0.0,0.0,18.1,0.0,0.0,0.0,0.055,-6.0,-0.6,-6.6,0.0,,mccalta01
Joe Chealey,23,CHO,PG,1,0,8,2.0,0.333,0.000,0.000,0.0,0.0,0.0,17.7,0.0,0.0,0.0,16.2,0.0,0.0,0.0,-0.080,-8.5,-6.0,-14.6,0.0,,chealjo01
D.J. Stephens,28,MEM,SG,1,0,7,5.5,0.500,0.000,0.000,0.0,0.0,0.0,0.0,7.1,0.0,33.3,19.1,0.0,0.0,0.0,-0.119,-7.1,1.6,-5.5,0.0,,stephdj01
Trevon Duval,20,MIL,PG,3,0,6,38.3,0.833,0.333,0.000,0.0,16.0,8.5,59.0,0.0,0.0,0.0,20.9,0.1,0.0,0.1,0.537,19.1,5.3,24.4,0.0,,duvaltr01
Kalin Lucas,29,DET,PG,1,0,6,16.6,0.532,1.000,2.000,0.0,56.7,27.3,20.8,0.0,0.0,0.0,13.5,0.0,0.0,0.0,0.238,-5.6,6.4,0.8,0.0,,lucaska01
Ike Anigbogu,20,IND,C,3,0,6,-6.0,0.000,0.000,0.000,18.9,36.2,27.7,19.4,0.0,14.8,25.0,29.1,-0.1,0.0,-0.1,-0.480,-14.0,-2.3,-16.2,0.0,,anigbik01
George King,25,PHO,SF,1,0,6,1.9,,,,0.0,18.8,9.2,0.0,0.0,0.0,,0.0,0.0,0.0,0.0,-0.001,-5.8,-2.1,-7.9,0.0,,kingge03
Okaro White,26,WAS,PF,3,0,6,-4.5,0.000,1.000,0.000,17.8,18.4,18.1,0.0,0.0,0.0,0.0,14.1,0.0,0.0,0.0,-0.251,-9.0,-7.8,-16.8,0.0,,whiteok01
Terrence Jones,27,HOU,PF,2,0,5,-15.8,0.225,0.500,0.250,0.0,90.3,44.2,0.0,0.0,0.0,18.4,47.2,-0.1,0.0,-0.1,-0.661,-24.7,-6.4,-31.1,0.0,,joneste01
Jordan Sibert,26,ATL,SG,1,0,4,29.7,1.500,1.000,0.000,0.0,0.0,0.0,0.0,0.0,0.0,0.0,10.2,0.0,0.0,0.0,0.183,13.7,2.2,16.0,0.0,,siberjo01
Zach Lofton,26,DET,SG,1,0,4,-10.0,0.000,1.000,0.000,0.0,0.0,0.0,0.0,12.3,0.0,50.0,21.6,-0.1,0.0,0.0,-0.447,-17.4,6.0,-11.5,0.0,,loftoza01
Donte Grantham,23,OKC,SF,3,0,2,-38.1,0.000,1.000,0.000,0.0,0.0,0.0,0.0,0.0,0.0,0.0,40.7,0.0,0.0,0.0,-0.946,-23.6,-14.0,-37.6,0.0,,grantdo01
Kobi Simmons,21,CLE,PG,1,0,2,0.0,,,,0.0,0.0,0.0,0.0,0.0,0.0,,0.0,0.0,0.0,0.0,-0.033,-7.4,-3.2,-10.6,0.0,,simmoko01
Zhou Qi,23,HOU,PF,1,0,1,80.3,1.000,0.000,0.000,0.0,0.0,0.0,0.0,0.0,0.0,0.0,43.4,0.0,0.0,0.0,1.261,40.1,11.9,52.0,0.0,,qizh01
Tyler Davis,21,OKC,C,1,0,1,0.0,0.000,0.000,0.000,100.0,0.0,51.6,0.0,0.0,0.0,0.0,40.7,0.0,0.0,0.0,-0.471,-9.6,-31.1,-40.7,0.0,,davisty01
John Holland,30,CLE,SF,1,0,1,0.0,,,,0.0,0.0,0.0,0.0,0.0,0.0,,0.0,0.0,0.0,0.0,-0.032,-3.4,-1.6,-5.0,0.0,,hollajo02
Tyler Ulis,23,CHI,PG,1,0,1,0.0,,,,0.0,0.0,0.0,0.0,0.0,0.0,,0.0,0.0,0.0,0.0,-0.015,-7.7,-2.7,-10.4,0.0,,ulisty01
League Average,,,,,,,,0.560,0.359,0.259,4.6,15.4,10.0,15.2,1.5,1.7,12.0,19.9,,,,,,,,,,-9999
